widx,norm_widx,word,seg,lexstress,nseg,nsyll,nstress,pos,dep,m1,m2a,m2b,mean,norm_m1,norm_m2a,norm_m2b,norm_mean,sidx,sent,ambig_words,ambig_monosyll,contour
1,0.333333333333,Fellow,F EH1 L OW0,yes,4.0,2.0,1.0,NNP,compound,2.0,2.0,2.0,2.0,0.5,0.5,0.5,0.5,1,Fellow Citizens :,0,0,2.0 1.0 nan
2,0.666666666667,Citizens,S IH1 T AH0 Z AH0 N Z,yes,8.0,3.0,1.0,NNPS,root,1.0,1.0,1.0,1.0,1.0,1.0,1.0,1.0,1,Fellow Citizens :,0,0,2.0 1.0 nan
3,1.0,:,,???,,,,:,,,,,,,,,,1,Fellow Citizens :,0,0,2.0 1.0 nan
1,0.05,I,AY1,yes,1.0,1.0,1.0,NNP,compound,2.0,2.0,2.0,2.0,0.75,0.75,0.75,0.75,2,I AM again called upon by the voice of my country to execute the functions of its Chief Magistrate .,4,3,2.0 3.0 2.0 2.0 2.33333333333 2.66666666667 4.0 2.0 2.66666666667 3.0 2.0 3.0 2.0 4.0 2.0 2.66666666667 3.0 1.0 2.0 nan
2,0.1,AM,AE1 M,yes,2.0,1.0,1.0,NNP,nsubj,3.0,3.0,3.0,3.0,0.5,0.5,0.5,0.5,2,I AM again called upon by the voice of my country to execute the functions of its Chief Magistrate .,4,3,2.0 3.0 2.0 2.0 2.33333333333 2.66666666667 4.0 2.0 2.66666666667 3.0 2.0 3.0 2.0 4.0 2.0 2.66666666667 3.0 1.0 2.0 nan
3,0.15,again,AH0 G EH1 N,yes,4.0,2.0,1.0,RB,advmod,2.0,2.0,2.0,2.0,0.75,0.75,0.75,0.75,2,I AM again called upon by the voice of my country to execute the functions of its Chief Magistrate .,4,3,2.0 3.0 2.0 2.0 2.33333333333 2.66666666667 4.0 2.0 2.66666666667 3.0 2.0 3.0 2.0 4.0 2.0 2.66666666667 3.0 1.0 2.0 nan
4,0.2,called,K AO1 L D,yes,4.0,1.0,1.0,VBD,root,2.0,2.0,2.0,2.0,0.75,0.75,0.75,0.75,2,I AM again called upon by the voice of my country to execute the functions of its Chief Magistrate .,4,3,2.0 3.0 2.0 2.0 2.33333333333 2.66666666667 4.0 2.0 2.66666666667 3.0 2.0 3.0 2.0 4.0 2.0 2.66666666667 3.0 1.0 2.0 nan
5,0.25,upon,AH0 P AA1 N,ambig,4.0,2.0,1.0,IN,case,2.0,2.0,3.0,2.33333333333,0.75,0.75,0.5,0.666666666667,2,I AM again called upon by the voice of my country to execute the functions of its Chief Magistrate .,4,3,2.0 3.0 2.0 2.0 2.33333333333 2.66666666667 4.0 2.0 2.66666666667 3.0 2.0 3.0 2.0 4.0 2.0 2.66666666667 3.0 1.0 2.0 nan
6,0.3,by,B AY1,ambig,2.0,1.0,1.0,IN,case,2.0,3.0,3.0,2.66666666667,0.75,0.5,0.5,0.583333333333,2,I AM again called upon by the voice of my country to execute the functions of its Chief Magistrate .,4,3,2.0 3.0 2.0 2.0 2.33333333333 2.66666666667 4.0 2.0 2.66666666667 3.0 2.0 3.0 2.0 4.0 2.0 2.66666666667 3.0 1.0 2.0 nan
7,0.35,the,DH AH0,no,2.0,1.0,0.0,DT,det,4.0,4.0,4.0,4.0,0.25,0.25,0.25,0.25,2,I AM again called upon by the voice of my country to execute the functions of its Chief Magistrate .,4,3,2.0 3.0 2.0 2.0 2.33333333333 2.66666666667 4.0 2.0 2.66666666667 3.0 2.0 3.0 2.0 4.0 2.0 2.66666666667 3.0 1.0 2.0 nan
8,0.4,voice,V OY1 S,yes,3.0,1.0,1.0,NN,nmod:by,2.0,2.0,2.0,2.0,0.75,0.75,0.75,0.75,2,I AM again called upon by the voice of my country to execute the functions of its Chief Magistrate .,4,3,2.0 3.0 2.0 2.0 2.33333333333 2.66666666667 4.0 2.0 2.66666666667 3.0 2.0 3.0 2.0 4.0 2.0 2.66666666667 3.0 1.0 2.0 nan
9,0.45,of,AH1 V,ambig,2.0,1.0,1.0,IN,case,2.0,3.0,3.0,2.66666666667,0.75,0.5,0.5,0.583333333333,2,I AM again called upon by the voice of my country to execute the functions of its Chief Magistrate .,4,3,2.0 3.0 2.0 2.0 2.33333333333 2.66666666667 4.0 2.0 2.66666666667 3.0 2.0 3.0 2.0 4.0 2.0 2.66666666667 3.0 1.0 2.0 nan
10,0.5,my,M AY1,no,2.0,1.0,1.0,PRP$,nmod:poss,3.0,3.0,3.0,3.0,0.5,0.5,0.5,0.5,2,I AM again called upon by the voice of my country to execute the functions of its Chief Magistrate .,4,3,2.0 3.0 2.0 2.0 2.33333333333 2.66666666667 4.0 2.0 2.66666666667 3.0 2.0 3.0 2.0 4.0 2.0 2.66666666667 3.0 1.0 2.0 nan
11,0.55,country,K AH1 N T R IY0,yes,6.0,2.0,1.0,NN,nmod:of,2.0,2.0,2.0,2.0,0.75,0.75,0.75,0.75,2,I AM again called upon by the voice of my country to execute the functions of its Chief Magistrate .,4,3,2.0 3.0 2.0 2.0 2.33333333333 2.66666666667 4.0 2.0 2.66666666667 3.0 2.0 3.0 2.0 4.0 2.0 2.66666666667 3.0 1.0 2.0 nan
12,0.6,to,T UW1,no,2.0,1.0,1.0,TO,mark,3.0,3.0,3.0,3.0,0.5,0.5,0.5,0.5,2,I AM again called upon by the voice of my country to execute the functions of its Chief Magistrate .,4,3,2.0 3.0 2.0 2.0 2.33333333333 2.66666666667 4.0 2.0 2.66666666667 3.0 2.0 3.0 2.0 4.0 2.0 2.66666666667 3.0 1.0 2.0 nan
13,0.65,execute,EH1 K S AH0 K Y UW2 T,yes,8.0,3.0,2.0,VB,acl,2.0,2.0,2.0,2.0,0.75,0.75,0.75,0.75,2,I AM again called upon by the voice of my country to execute the functions of its Chief Magistrate .,4,3,2.0 3.0 2.0 2.0 2.33333333333 2.66666666667 4.0 2.0 2.66666666667 3.0 2.0 3.0 2.0 4.0 2.0 2.66666666667 3.0 1.0 2.0 nan
14,0.7,the,DH AH0,no,2.0,1.0,0.0,DT,det,4.0,4.0,4.0,4.0,0.25,0.25,0.25,0.25,2,I AM again called upon by the voice of my country to execute the functions of its Chief Magistrate .,4,3,2.0 3.0 2.0 2.0 2.33333333333 2.66666666667 4.0 2.0 2.66666666667 3.0 2.0 3.0 2.0 4.0 2.0 2.66666666667 3.0 1.0 2.0 nan
15,0.75,functions,F AH1 NG K SH AH0 N Z,yes,8.0,2.0,1.0,NNS,dobj,2.0,2.0,2.0,2.0,0.75,0.75,0.75,0.75,2,I AM again called upon by the voice of my country to execute the functions of its Chief Magistrate .,4,3,2.0 3.0 2.0 2.0 2.33333333333 2.66666666667 4.0 2.0 2.66666666667 3.0 2.0 3.0 2.0 4.0 2.0 2.66666666667 3.0 1.0 2.0 nan
16,0.8,of,AH1 V,ambig,2.0,1.0,1.0,IN,case,2.0,3.0,3.0,2.66666666667,0.75,0.5,0.5,0.583333333333,2,I AM again called upon by the voice of my country to execute the functions of its Chief Magistrate .,4,3,2.0 3.0 2.0 2.0 2.33333333333 2.66666666667 4.0 2.0 2.66666666667 3.0 2.0 3.0 2.0 4.0 2.0 2.66666666667 3.0 1.0 2.0 nan
17,0.85,its,IH1 T S,no,3.0,1.0,1.0,PRP$,nmod:poss,3.0,3.0,3.0,3.0,0.5,0.5,0.5,0.5,2,I AM again called upon by the voice of my country to execute the functions of its Chief Magistrate .,4,3,2.0 3.0 2.0 2.0 2.33333333333 2.66666666667 4.0 2.0 2.66666666667 3.0 2.0 3.0 2.0 4.0 2.0 2.66666666667 3.0 1.0 2.0 nan
18,0.9,Chief,CH IY1 F,yes,3.0,1.0,1.0,NNP,compound,1.0,1.0,1.0,1.0,1.0,1.0,1.0,1.0,2,I AM again called upon by the voice of my country to execute the functions of its Chief Magistrate .,4,3,2.0 3.0 2.0 2.0 2.33333333333 2.66666666667 4.0 2.0 2.66666666667 3.0 2.0 3.0 2.0 4.0 2.0 2.66666666667 3.0 1.0 2.0 nan
19,0.95,Magistrate,M AE1 JH AH0 S T R EY2 T,yes,9.0,3.0,2.0,NNP,nmod:of,2.0,2.0,2.0,2.0,0.75,0.75,0.75,0.75,2,I AM again called upon by the voice of my country to execute the functions of its Chief Magistrate .,4,3,2.0 3.0 2.0 2.0 2.33333333333 2.66666666667 4.0 2.0 2.66666666667 3.0 2.0 3.0 2.0 4.0 2.0 2.66666666667 3.0 1.0 2.0 nan
20,1.0,.,,???,,,,.,,,,,,,,,,2,I AM again called upon by the voice of my country to execute the functions of its Chief Magistrate .,4,3,2.0 3.0 2.0 2.0 2.33333333333 2.66666666667 4.0 2.0 2.66666666667 3.0 2.0 3.0 2.0 4.0 2.0 2.66666666667 3.0 1.0 2.0 nan
1,0.0243902439024,When,W EH1 N,ambig,3.0,1.0,1.0,WRB,advmod,3.0,5.0,5.0,4.33333333333,0.666666666667,0.428571428571,0.428571428571,0.5,3,"When the occasion proper for it shall arrive , I shall endeavor to express the high sense I entertain of this distinguished honor , and of the confidence which has been reposed in me by the people of united America .",15,14,4.33333333333 6.0 4.0 3.33333333333 5.0 6.66666666667 3.66666666667 2.0 nan 3.33333333333 2.66666666667 2.0 3.0 2.0 4.0 3.0 3.0 2.0 3.0 2.66666666667 3.66666666667 4.0 2.0 nan 3.0 3.66666666667 4.0 3.0 3.33333333333 2.0 2.66666666667 2.33333333333 3.66666666667 4.0 2.66666666667 4.0 3.0 2.66666666667 1.0 2.0 nan
2,0.0487804878049,the,DH AH0,no,2.0,1.0,0.0,DT,det,6.0,6.0,6.0,6.0,0.166666666667,0.285714285714,0.285714285714,0.25,3,"When the occasion proper for it shall arrive , I shall endeavor to express the high sense I entertain of this distinguished honor , and of the confidence which has been reposed in me by the people of united America .",15,14,4.33333333333 6.0 4.0 3.33333333333 5.0 6.66666666667 3.66666666667 2.0 nan 3.33333333333 2.66666666667 2.0 3.0 2.0 4.0 3.0 3.0 2.0 3.0 2.66666666667 3.66666666667 4.0 2.0 nan 3.0 3.66666666667 4.0 3.0 3.33333333333 2.0 2.66666666667 2.33333333333 3.66666666667 4.0 2.66666666667 4.0 3.0 2.66666666667 1.0 2.0 nan
3,0.0731707317073,occasion,AH0 K EY1 ZH AH0 N,yes,6.0,3.0,1.0,NN,nsubj,4.0,4.0,4.0,4.0,0.5,0.571428571429,0.571428571429,0.55,3,"When the occasion proper for it shall arrive , I shall endeavor to express the high sense I entertain of this distinguished honor , and of the confidence which has been reposed in me by the people of united America .",15,14,4.33333333333 6.0 4.0 3.33333333333 5.0 6.66666666667 3.66666666667 2.0 nan 3.33333333333 2.66666666667 2.0 3.0 2.0 4.0 3.0 3.0 2.0 3.0 2.66666666667 3.66666666667 4.0 2.0 nan 3.0 3.66666666667 4.0 3.0 3.33333333333 2.0 2.66666666667 2.33333333333 3.66666666667 4.0 2.66666666667 4.0 3.0 2.66666666667 1.0 2.0 nan
4,0.0975609756098,proper,P R AA1 P ER0,yes,5.0,2.0,1.0,JJ,amod,4.0,3.0,3.0,3.33333333333,0.5,0.714285714286,0.714285714286,0.65,3,"When the occasion proper for it shall arrive , I shall endeavor to express the high sense I entertain of this distinguished honor , and of the confidence which has been reposed in me by the people of united America .",15,14,4.33333333333 6.0 4.0 3.33333333333 5.0 6.66666666667 3.66666666667 2.0 nan 3.33333333333 2.66666666667 2.0 3.0 2.0 4.0 3.0 3.0 2.0 3.0 2.66666666667 3.66666666667 4.0 2.0 nan 3.0 3.66666666667 4.0 3.0 3.33333333333 2.0 2.66666666667 2.33333333333 3.66666666667 4.0 2.66666666667 4.0 3.0 2.66666666667 1.0 2.0 nan
5,0.121951219512,for,F AO1 R,ambig,3.0,1.0,1.0,IN,case,3.0,6.0,6.0,5.0,0.666666666667,0.285714285714,0.285714285714,0.4,3,"When the occasion proper for it shall arrive , I shall endeavor to express the high sense I entertain of this distinguished honor , and of the confidence which has been reposed in me by the people of united America .",15,14,4.33333333333 6.0 4.0 3.33333333333 5.0 6.66666666667 3.66666666667 2.0 nan 3.33333333333 2.66666666667 2.0 3.0 2.0 4.0 3.0 3.0 2.0 3.0 2.66666666667 3.66666666667 4.0 2.0 nan 3.0 3.66666666667 4.0 3.0 3.33333333333 2.0 2.66666666667 2.33333333333 3.66666666667 4.0 2.66666666667 4.0 3.0 2.66666666667 1.0 2.0 nan
6,0.146341463415,it,IH1 T,no,2.0,1.0,1.0,PRP,nmod:for,6.0,7.0,7.0,6.66666666667,0.166666666667,0.142857142857,0.142857142857,0.15,3,"When the occasion proper for it shall arrive , I shall endeavor to express the high sense I entertain of this distinguished honor , and of the confidence which has been reposed in me by the people of united America .",15,14,4.33333333333 6.0 4.0 3.33333333333 5.0 6.66666666667 3.66666666667 2.0 nan 3.33333333333 2.66666666667 2.0 3.0 2.0 4.0 3.0 3.0 2.0 3.0 2.66666666667 3.66666666667 4.0 2.0 nan 3.0 3.66666666667 4.0 3.0 3.33333333333 2.0 2.66666666667 2.33333333333 3.66666666667 4.0 2.66666666667 4.0 3.0 2.66666666667 1.0 2.0 nan
7,0.170731707317,shall,SH AE1 L,ambig,3.0,1.0,1.0,MD,aux,3.0,4.0,4.0,3.66666666667,0.666666666667,0.571428571429,0.571428571429,0.6,3,"When the occasion proper for it shall arrive , I shall endeavor to express the high sense I entertain of this distinguished honor , and of the confidence which has been reposed in me by the people of united America .",15,14,4.33333333333 6.0 4.0 3.33333333333 5.0 6.66666666667 3.66666666667 2.0 nan 3.33333333333 2.66666666667 2.0 3.0 2.0 4.0 3.0 3.0 2.0 3.0 2.66666666667 3.66666666667 4.0 2.0 nan 3.0 3.66666666667 4.0 3.0 3.33333333333 2.0 2.66666666667 2.33333333333 3.66666666667 4.0 2.66666666667 4.0 3.0 2.66666666667 1.0 2.0 nan
8,0.19512195122,arrive,ER0 AY1 V,yes,3.0,2.0,1.0,VB,advcl,2.0,2.0,2.0,2.0,0.833333333333,0.857142857143,0.857142857143,0.85,3,"When the occasion proper for it shall arrive , I shall endeavor to express the high sense I entertain of this distinguished honor , and of the confidence which has been reposed in me by the people of united America .",15,14,4.33333333333 6.0 4.0 3.33333333333 5.0 6.66666666667 3.66666666667 2.0 nan 3.33333333333 2.66666666667 2.0 3.0 2.0 4.0 3.0 3.0 2.0 3.0 2.66666666667 3.66666666667 4.0 2.0 nan 3.0 3.66666666667 4.0 3.0 3.33333333333 2.0 2.66666666667 2.33333333333 3.66666666667 4.0 2.66666666667 4.0 3.0 2.66666666667 1.0 2.0 nan
9,0.219512195122,",",,???,,,,",",,,,,,,,,,3,"When the occasion proper for it shall arrive , I shall endeavor to express the high sense I entertain of this distinguished honor , and of the confidence which has been reposed in me by the people of united America .",15,14,4.33333333333 6.0 4.0 3.33333333333 5.0 6.66666666667 3.66666666667 2.0 nan 3.33333333333 2.66666666667 2.0 3.0 2.0 4.0 3.0 3.0 2.0 3.0 2.66666666667 3.66666666667 4.0 2.0 nan 3.0 3.66666666667 4.0 3.0 3.33333333333 2.0 2.66666666667 2.33333333333 3.66666666667 4.0 2.66666666667 4.0 3.0 2.66666666667 1.0 2.0 nan
10,0.243902439024,I,AY1,ambig,1.0,1.0,1.0,PRP,nsubj,2.0,4.0,4.0,3.33333333333,0.833333333333,0.571428571429,0.571428571429,0.65,3,"When the occasion proper for it shall arrive , I shall endeavor to express the high sense I entertain of this distinguished honor , and of the confidence which has been reposed in me by the people of united America .",15,14,4.33333333333 6.0 4.0 3.33333333333 5.0 6.66666666667 3.66666666667 2.0 nan 3.33333333333 2.66666666667 2.0 3.0 2.0 4.0 3.0 3.0 2.0 3.0 2.66666666667 3.66666666667 4.0 2.0 nan 3.0 3.66666666667 4.0 3.0 3.33333333333 2.0 2.66666666667 2.33333333333 3.66666666667 4.0 2.66666666667 4.0 3.0 2.66666666667 1.0 2.0 nan
11,0.268292682927,shall,SH AE1 L,ambig,3.0,1.0,1.0,MD,aux,2.0,3.0,3.0,2.66666666667,0.833333333333,0.714285714286,0.714285714286,0.75,3,"When the occasion proper for it shall arrive , I shall endeavor to express the high sense I entertain of this distinguished honor , and of the confidence which has been reposed in me by the people of united America .",15,14,4.33333333333 6.0 4.0 3.33333333333 5.0 6.66666666667 3.66666666667 2.0 nan 3.33333333333 2.66666666667 2.0 3.0 2.0 4.0 3.0 3.0 2.0 3.0 2.66666666667 3.66666666667 4.0 2.0 nan 3.0 3.66666666667 4.0 3.0 3.33333333333 2.0 2.66666666667 2.33333333333 3.66666666667 4.0 2.66666666667 4.0 3.0 2.66666666667 1.0 2.0 nan
12,0.292682926829,endeavor,IH0 N D EH1 V ER0,yes,6.0,3.0,1.0,VB,root,2.0,2.0,2.0,2.0,0.833333333333,0.857142857143,0.857142857143,0.85,3,"When the occasion proper for it shall arrive , I shall endeavor to express the high sense I entertain of this distinguished honor , and of the confidence which has been reposed in me by the people of united America .",15,14,4.33333333333 6.0 4.0 3.33333333333 5.0 6.66666666667 3.66666666667 2.0 nan 3.33333333333 2.66666666667 2.0 3.0 2.0 4.0 3.0 3.0 2.0 3.0 2.66666666667 3.66666666667 4.0 2.0 nan 3.0 3.66666666667 4.0 3.0 3.33333333333 2.0 2.66666666667 2.33333333333 3.66666666667 4.0 2.66666666667 4.0 3.0 2.66666666667 1.0 2.0 nan
13,0.317073170732,to,T UW1,no,2.0,1.0,1.0,TO,mark,3.0,3.0,3.0,3.0,0.666666666667,0.714285714286,0.714285714286,0.7,3,"When the occasion proper for it shall arrive , I shall endeavor to express the high sense I entertain of this distinguished honor , and of the confidence which has been reposed in me by the people of united America .",15,14,4.33333333333 6.0 4.0 3.33333333333 5.0 6.66666666667 3.66666666667 2.0 nan 3.33333333333 2.66666666667 2.0 3.0 2.0 4.0 3.0 3.0 2.0 3.0 2.66666666667 3.66666666667 4.0 2.0 nan 3.0 3.66666666667 4.0 3.0 3.33333333333 2.0 2.66666666667 2.33333333333 3.66666666667 4.0 2.66666666667 4.0 3.0 2.66666666667 1.0 2.0 nan
14,0.341463414634,express,IH0 K S P R EH1 S,yes,7.0,2.0,1.0,VB,xcomp,2.0,2.0,2.0,2.0,0.833333333333,0.857142857143,0.857142857143,0.85,3,"When the occasion proper for it shall arrive , I shall endeavor to express the high sense I entertain of this distinguished honor , and of the confidence which has been reposed in me by the people of united America .",15,14,4.33333333333 6.0 4.0 3.33333333333 5.0 6.66666666667 3.66666666667 2.0 nan 3.33333333333 2.66666666667 2.0 3.0 2.0 4.0 3.0 3.0 2.0 3.0 2.66666666667 3.66666666667 4.0 2.0 nan 3.0 3.66666666667 4.0 3.0 3.33333333333 2.0 2.66666666667 2.33333333333 3.66666666667 4.0 2.66666666667 4.0 3.0 2.66666666667 1.0 2.0 nan
15,0.365853658537,the,DH AH0,no,2.0,1.0,0.0,DT,det,4.0,4.0,4.0,4.0,0.5,0.571428571429,0.571428571429,0.55,3,"When the occasion proper for it shall arrive , I shall endeavor to express the high sense I entertain of this distinguished honor , and of the confidence which has been reposed in me by the people of united America .",15,14,4.33333333333 6.0 4.0 3.33333333333 5.0 6.66666666667 3.66666666667 2.0 nan 3.33333333333 2.66666666667 2.0 3.0 2.0 4.0 3.0 3.0 2.0 3.0 2.66666666667 3.66666666667 4.0 2.0 nan 3.0 3.66666666667 4.0 3.0 3.33333333333 2.0 2.66666666667 2.33333333333 3.66666666667 4.0 2.66666666667 4.0 3.0 2.66666666667 1.0 2.0 nan
16,0.390243902439,high,HH AY1,yes,2.0,1.0,1.0,JJ,amod,3.0,3.0,3.0,3.0,0.666666666667,0.714285714286,0.714285714286,0.7,3,"When the occasion proper for it shall arrive , I shall endeavor to express the high sense I entertain of this distinguished honor , and of the confidence which has been reposed in me by the people of united America .",15,14,4.33333333333 6.0 4.0 3.33333333333 5.0 6.66666666667 3.66666666667 2.0 nan 3.33333333333 2.66666666667 2.0 3.0 2.0 4.0 3.0 3.0 2.0 3.0 2.66666666667 3.66666666667 4.0 2.0 nan 3.0 3.66666666667 4.0 3.0 3.33333333333 2.0 2.66666666667 2.33333333333 3.66666666667 4.0 2.66666666667 4.0 3.0 2.66666666667 1.0 2.0 nan
17,0.414634146341,sense,S EH1 N S,yes,4.0,1.0,1.0,NN,compound,3.0,3.0,3.0,3.0,0.666666666667,0.714285714286,0.714285714286,0.7,3,"When the occasion proper for it shall arrive , I shall endeavor to express the high sense I entertain of this distinguished honor , and of the confidence which has been reposed in me by the people of united America .",15,14,4.33333333333 6.0 4.0 3.33333333333 5.0 6.66666666667 3.66666666667 2.0 nan 3.33333333333 2.66666666667 2.0 3.0 2.0 4.0 3.0 3.0 2.0 3.0 2.66666666667 3.66666666667 4.0 2.0 nan 3.0 3.66666666667 4.0 3.0 3.33333333333 2.0 2.66666666667 2.33333333333 3.66666666667 4.0 2.66666666667 4.0 3.0 2.66666666667 1.0 2.0 nan
18,0.439024390244,I,AY1,yes,1.0,1.0,1.0,NN,compound,2.0,2.0,2.0,2.0,0.833333333333,0.857142857143,0.857142857143,0.85,3,"When the occasion proper for it shall arrive , I shall endeavor to express the high sense I entertain of this distinguished honor , and of the confidence which has been reposed in me by the people of united America .",15,14,4.33333333333 6.0 4.0 3.33333333333 5.0 6.66666666667 3.66666666667 2.0 nan 3.33333333333 2.66666666667 2.0 3.0 2.0 4.0 3.0 3.0 2.0 3.0 2.66666666667 3.66666666667 4.0 2.0 nan 3.0 3.66666666667 4.0 3.0 3.33333333333 2.0 2.66666666667 2.33333333333 3.66666666667 4.0 2.66666666667 4.0 3.0 2.66666666667 1.0 2.0 nan
19,0.463414634146,entertain,EH2 N T ER0 T EY1 N,yes,7.0,3.0,2.0,NN,dobj,3.0,3.0,3.0,3.0,0.666666666667,0.714285714286,0.714285714286,0.7,3,"When the occasion proper for it shall arrive , I shall endeavor to express the high sense I entertain of this distinguished honor , and of the confidence which has been reposed in me by the people of united America .",15,14,4.33333333333 6.0 4.0 3.33333333333 5.0 6.66666666667 3.66666666667 2.0 nan 3.33333333333 2.66666666667 2.0 3.0 2.0 4.0 3.0 3.0 2.0 3.0 2.66666666667 3.66666666667 4.0 2.0 nan 3.0 3.66666666667 4.0 3.0 3.33333333333 2.0 2.66666666667 2.33333333333 3.66666666667 4.0 2.66666666667 4.0 3.0 2.66666666667 1.0 2.0 nan
20,0.487804878049,of,AH1 V,ambig,2.0,1.0,1.0,IN,dobj,2.0,3.0,3.0,2.66666666667,0.833333333333,0.714285714286,0.714285714286,0.75,3,"When the occasion proper for it shall arrive , I shall endeavor to express the high sense I entertain of this distinguished honor , and of the confidence which has been reposed in me by the people of united America .",15,14,4.33333333333 6.0 4.0 3.33333333333 5.0 6.66666666667 3.66666666667 2.0 nan 3.33333333333 2.66666666667 2.0 3.0 2.0 4.0 3.0 3.0 2.0 3.0 2.66666666667 3.66666666667 4.0 2.0 nan 3.0 3.66666666667 4.0 3.0 3.33333333333 2.0 2.66666666667 2.33333333333 3.66666666667 4.0 2.66666666667 4.0 3.0 2.66666666667 1.0 2.0 nan
21,0.512195121951,this,DH IH1 S,ambig,3.0,1.0,1.0,DT,case,3.0,4.0,4.0,3.66666666667,0.666666666667,0.571428571429,0.571428571429,0.6,3,"When the occasion proper for it shall arrive , I shall endeavor to express the high sense I entertain of this distinguished honor , and of the confidence which has been reposed in me by the people of united America .",15,14,4.33333333333 6.0 4.0 3.33333333333 5.0 6.66666666667 3.66666666667 2.0 nan 3.33333333333 2.66666666667 2.0 3.0 2.0 4.0 3.0 3.0 2.0 3.0 2.66666666667 3.66666666667 4.0 2.0 nan 3.0 3.66666666667 4.0 3.0 3.33333333333 2.0 2.66666666667 2.33333333333 3.66666666667 4.0 2.66666666667 4.0 3.0 2.66666666667 1.0 2.0 nan
22,0.536585365854,distinguished,D IH0 S T IH1 NG G W IH0 SH T,no,11.0,3.0,1.0,JJ,det,4.0,4.0,4.0,4.0,0.5,0.571428571429,0.571428571429,0.55,3,"When the occasion proper for it shall arrive , I shall endeavor to express the high sense I entertain of this distinguished honor , and of the confidence which has been reposed in me by the people of united America .",15,14,4.33333333333 6.0 4.0 3.33333333333 5.0 6.66666666667 3.66666666667 2.0 nan 3.33333333333 2.66666666667 2.0 3.0 2.0 4.0 3.0 3.0 2.0 3.0 2.66666666667 3.66666666667 4.0 2.0 nan 3.0 3.66666666667 4.0 3.0 3.33333333333 2.0 2.66666666667 2.33333333333 3.66666666667 4.0 2.66666666667 4.0 3.0 2.66666666667 1.0 2.0 nan
23,0.560975609756,honor,AA1 N ER0,yes,3.0,2.0,1.0,NN,amod,2.0,2.0,2.0,2.0,0.833333333333,0.857142857143,0.857142857143,0.85,3,"When the occasion proper for it shall arrive , I shall endeavor to express the high sense I entertain of this distinguished honor , and of the confidence which has been reposed in me by the people of united America .",15,14,4.33333333333 6.0 4.0 3.33333333333 5.0 6.66666666667 3.66666666667 2.0 nan 3.33333333333 2.66666666667 2.0 3.0 2.0 4.0 3.0 3.0 2.0 3.0 2.66666666667 3.66666666667 4.0 2.0 nan 3.0 3.66666666667 4.0 3.0 3.33333333333 2.0 2.66666666667 2.33333333333 3.66666666667 4.0 2.66666666667 4.0 3.0 2.66666666667 1.0 2.0 nan
24,0.585365853659,",",,???,,,,",",,,,,,,,,,3,"When the occasion proper for it shall arrive , I shall endeavor to express the high sense I entertain of this distinguished honor , and of the confidence which has been reposed in me by the people of united America .",15,14,4.33333333333 6.0 4.0 3.33333333333 5.0 6.66666666667 3.66666666667 2.0 nan 3.33333333333 2.66666666667 2.0 3.0 2.0 4.0 3.0 3.0 2.0 3.0 2.66666666667 3.66666666667 4.0 2.0 nan 3.0 3.66666666667 4.0 3.0 3.33333333333 2.0 2.66666666667 2.33333333333 3.66666666667 4.0 2.66666666667 4.0 3.0 2.66666666667 1.0 2.0 nan
25,0.609756097561,and,AE1 N D,no,3.0,1.0,1.0,CC,nmod:of,3.0,3.0,3.0,3.0,0.666666666667,0.714285714286,0.714285714286,0.7,3,"When the occasion proper for it shall arrive , I shall endeavor to express the high sense I entertain of this distinguished honor , and of the confidence which has been reposed in me by the people of united America .",15,14,4.33333333333 6.0 4.0 3.33333333333 5.0 6.66666666667 3.66666666667 2.0 nan 3.33333333333 2.66666666667 2.0 3.0 2.0 4.0 3.0 3.0 2.0 3.0 2.66666666667 3.66666666667 4.0 2.0 nan 3.0 3.66666666667 4.0 3.0 3.33333333333 2.0 2.66666666667 2.33333333333 3.66666666667 4.0 2.66666666667 4.0 3.0 2.66666666667 1.0 2.0 nan
26,0.634146341463,of,AH1 V,ambig,2.0,1.0,1.0,IN,cc,3.0,4.0,4.0,3.66666666667,0.666666666667,0.571428571429,0.571428571429,0.6,3,"When the occasion proper for it shall arrive , I shall endeavor to express the high sense I entertain of this distinguished honor , and of the confidence which has been reposed in me by the people of united America .",15,14,4.33333333333 6.0 4.0 3.33333333333 5.0 6.66666666667 3.66666666667 2.0 nan 3.33333333333 2.66666666667 2.0 3.0 2.0 4.0 3.0 3.0 2.0 3.0 2.66666666667 3.66666666667 4.0 2.0 nan 3.0 3.66666666667 4.0 3.0 3.33333333333 2.0 2.66666666667 2.33333333333 3.66666666667 4.0 2.66666666667 4.0 3.0 2.66666666667 1.0 2.0 nan
27,0.658536585366,the,DH AH0,no,2.0,1.0,0.0,DT,case,4.0,4.0,4.0,4.0,0.5,0.571428571429,0.571428571429,0.55,3,"When the occasion proper for it shall arrive , I shall endeavor to express the high sense I entertain of this distinguished honor , and of the confidence which has been reposed in me by the people of united America .",15,14,4.33333333333 6.0 4.0 3.33333333333 5.0 6.66666666667 3.66666666667 2.0 nan 3.33333333333 2.66666666667 2.0 3.0 2.0 4.0 3.0 3.0 2.0 3.0 2.66666666667 3.66666666667 4.0 2.0 nan 3.0 3.66666666667 4.0 3.0 3.33333333333 2.0 2.66666666667 2.33333333333 3.66666666667 4.0 2.66666666667 4.0 3.0 2.66666666667 1.0 2.0 nan
28,0.682926829268,confidence,K AA1 N F AH0 D AH0 N S,no,9.0,3.0,1.0,NN,det,3.0,3.0,3.0,3.0,0.666666666667,0.714285714286,0.714285714286,0.7,3,"When the occasion proper for it shall arrive , I shall endeavor to express the high sense I entertain of this distinguished honor , and of the confidence which has been reposed in me by the people of united America .",15,14,4.33333333333 6.0 4.0 3.33333333333 5.0 6.66666666667 3.66666666667 2.0 nan 3.33333333333 2.66666666667 2.0 3.0 2.0 4.0 3.0 3.0 2.0 3.0 2.66666666667 3.66666666667 4.0 2.0 nan 3.0 3.66666666667 4.0 3.0 3.33333333333 2.0 2.66666666667 2.33333333333 3.66666666667 4.0 2.66666666667 4.0 3.0 2.66666666667 1.0 2.0 nan
29,0.707317073171,which,W IH1 CH,ambig,3.0,1.0,1.0,WDT,nmod:of,2.0,4.0,4.0,3.33333333333,0.833333333333,0.571428571429,0.571428571429,0.65,3,"When the occasion proper for it shall arrive , I shall endeavor to express the high sense I entertain of this distinguished honor , and of the confidence which has been reposed in me by the people of united America .",15,14,4.33333333333 6.0 4.0 3.33333333333 5.0 6.66666666667 3.66666666667 2.0 nan 3.33333333333 2.66666666667 2.0 3.0 2.0 4.0 3.0 3.0 2.0 3.0 2.66666666667 3.66666666667 4.0 2.0 nan 3.0 3.66666666667 4.0 3.0 3.33333333333 2.0 2.66666666667 2.33333333333 3.66666666667 4.0 2.66666666667 4.0 3.0 2.66666666667 1.0 2.0 nan
30,0.731707317073,has,HH AE1 Z,yes,3.0,1.0,1.0,VBZ,nsubjpass,2.0,2.0,2.0,2.0,0.833333333333,0.857142857143,0.857142857143,0.85,3,"When the occasion proper for it shall arrive , I shall endeavor to express the high sense I entertain of this distinguished honor , and of the confidence which has been reposed in me by the people of united America .",15,14,4.33333333333 6.0 4.0 3.33333333333 5.0 6.66666666667 3.66666666667 2.0 nan 3.33333333333 2.66666666667 2.0 3.0 2.0 4.0 3.0 3.0 2.0 3.0 2.66666666667 3.66666666667 4.0 2.0 nan 3.0 3.66666666667 4.0 3.0 3.33333333333 2.0 2.66666666667 2.33333333333 3.66666666667 4.0 2.66666666667 4.0 3.0 2.66666666667 1.0 2.0 nan
31,0.756097560976,been,B IH1 N,ambig,3.0,1.0,1.0,VBN,aux,2.0,3.0,3.0,2.66666666667,0.833333333333,0.714285714286,0.714285714286,0.75,3,"When the occasion proper for it shall arrive , I shall endeavor to express the high sense I entertain of this distinguished honor , and of the confidence which has been reposed in me by the people of united America .",15,14,4.33333333333 6.0 4.0 3.33333333333 5.0 6.66666666667 3.66666666667 2.0 nan 3.33333333333 2.66666666667 2.0 3.0 2.0 4.0 3.0 3.0 2.0 3.0 2.66666666667 3.66666666667 4.0 2.0 nan 3.0 3.66666666667 4.0 3.0 3.33333333333 2.0 2.66666666667 2.33333333333 3.66666666667 4.0 2.66666666667 4.0 3.0 2.66666666667 1.0 2.0 nan
32,0.780487804878,reposed,,ambig,,,,VBN,auxpass,2.0,2.0,3.0,2.33333333333,0.833333333333,0.857142857143,0.714285714286,0.8,3,"When the occasion proper for it shall arrive , I shall endeavor to express the high sense I entertain of this distinguished honor , and of the confidence which has been reposed in me by the people of united America .",15,14,4.33333333333 6.0 4.0 3.33333333333 5.0 6.66666666667 3.66666666667 2.0 nan 3.33333333333 2.66666666667 2.0 3.0 2.0 4.0 3.0 3.0 2.0 3.0 2.66666666667 3.66666666667 4.0 2.0 nan 3.0 3.66666666667 4.0 3.0 3.33333333333 2.0 2.66666666667 2.33333333333 3.66666666667 4.0 2.66666666667 4.0 3.0 2.66666666667 1.0 2.0 nan
33,0.80487804878,in,IH0 N,ambig,2.0,1.0,0.0,IN,dep,3.0,4.0,4.0,3.66666666667,0.666666666667,0.571428571429,0.571428571429,0.6,3,"When the occasion proper for it shall arrive , I shall endeavor to express the high sense I entertain of this distinguished honor , and of the confidence which has been reposed in me by the people of united America .",15,14,4.33333333333 6.0 4.0 3.33333333333 5.0 6.66666666667 3.66666666667 2.0 nan 3.33333333333 2.66666666667 2.0 3.0 2.0 4.0 3.0 3.0 2.0 3.0 2.66666666667 3.66666666667 4.0 2.0 nan 3.0 3.66666666667 4.0 3.0 3.33333333333 2.0 2.66666666667 2.33333333333 3.66666666667 4.0 2.66666666667 4.0 3.0 2.66666666667 1.0 2.0 nan
34,0.829268292683,me,M IY1,ambig,2.0,1.0,1.0,PRP,case,2.0,5.0,5.0,4.0,0.833333333333,0.428571428571,0.428571428571,0.55,3,"When the occasion proper for it shall arrive , I shall endeavor to express the high sense I entertain of this distinguished honor , and of the confidence which has been reposed in me by the people of united America .",15,14,4.33333333333 6.0 4.0 3.33333333333 5.0 6.66666666667 3.66666666667 2.0 nan 3.33333333333 2.66666666667 2.0 3.0 2.0 4.0 3.0 3.0 2.0 3.0 2.66666666667 3.66666666667 4.0 2.0 nan 3.0 3.66666666667 4.0 3.0 3.33333333333 2.0 2.66666666667 2.33333333333 3.66666666667 4.0 2.66666666667 4.0 3.0 2.66666666667 1.0 2.0 nan
35,0.853658536585,by,B AY1,ambig,2.0,1.0,1.0,IN,nmod:in,2.0,3.0,3.0,2.66666666667,0.833333333333,0.714285714286,0.714285714286,0.75,3,"When the occasion proper for it shall arrive , I shall endeavor to express the high sense I entertain of this distinguished honor , and of the confidence which has been reposed in me by the people of united America .",15,14,4.33333333333 6.0 4.0 3.33333333333 5.0 6.66666666667 3.66666666667 2.0 nan 3.33333333333 2.66666666667 2.0 3.0 2.0 4.0 3.0 3.0 2.0 3.0 2.66666666667 3.66666666667 4.0 2.0 nan 3.0 3.66666666667 4.0 3.0 3.33333333333 2.0 2.66666666667 2.33333333333 3.66666666667 4.0 2.66666666667 4.0 3.0 2.66666666667 1.0 2.0 nan
36,0.878048780488,the,DH AH0,no,2.0,1.0,0.0,DT,case,4.0,4.0,4.0,4.0,0.5,0.571428571429,0.571428571429,0.55,3,"When the occasion proper for it shall arrive , I shall endeavor to express the high sense I entertain of this distinguished honor , and of the confidence which has been reposed in me by the people of united America .",15,14,4.33333333333 6.0 4.0 3.33333333333 5.0 6.66666666667 3.66666666667 2.0 nan 3.33333333333 2.66666666667 2.0 3.0 2.0 4.0 3.0 3.0 2.0 3.0 2.66666666667 3.66666666667 4.0 2.0 nan 3.0 3.66666666667 4.0 3.0 3.33333333333 2.0 2.66666666667 2.33333333333 3.66666666667 4.0 2.66666666667 4.0 3.0 2.66666666667 1.0 2.0 nan
37,0.90243902439,people,P IY1 P AH0 L,no,5.0,2.0,1.0,NNS,det,3.0,3.0,3.0,3.0,0.666666666667,0.714285714286,0.714285714286,0.7,3,"When the occasion proper for it shall arrive , I shall endeavor to express the high sense I entertain of this distinguished honor , and of the confidence which has been reposed in me by the people of united America .",15,14,4.33333333333 6.0 4.0 3.33333333333 5.0 6.66666666667 3.66666666667 2.0 nan 3.33333333333 2.66666666667 2.0 3.0 2.0 4.0 3.0 3.0 2.0 3.0 2.66666666667 3.66666666667 4.0 2.0 nan 3.0 3.66666666667 4.0 3.0 3.33333333333 2.0 2.66666666667 2.33333333333 3.66666666667 4.0 2.66666666667 4.0 3.0 2.66666666667 1.0 2.0 nan
38,0.926829268293,of,AH1 V,ambig,2.0,1.0,1.0,IN,nmod:by,2.0,3.0,3.0,2.66666666667,0.833333333333,0.714285714286,0.714285714286,0.75,3,"When the occasion proper for it shall arrive , I shall endeavor to express the high sense I entertain of this distinguished honor , and of the confidence which has been reposed in me by the people of united America .",15,14,4.33333333333 6.0 4.0 3.33333333333 5.0 6.66666666667 3.66666666667 2.0 nan 3.33333333333 2.66666666667 2.0 3.0 2.0 4.0 3.0 3.0 2.0 3.0 2.66666666667 3.66666666667 4.0 2.0 nan 3.0 3.66666666667 4.0 3.0 3.33333333333 2.0 2.66666666667 2.33333333333 3.66666666667 4.0 2.66666666667 4.0 3.0 2.66666666667 1.0 2.0 nan
39,0.951219512195,united,Y UW0 N AY1 T AH0 D,yes,7.0,3.0,1.0,NNP,case,1.0,1.0,1.0,1.0,1.0,1.0,1.0,1.0,3,"When the occasion proper for it shall arrive , I shall endeavor to express the high sense I entertain of this distinguished honor , and of the confidence which has been reposed in me by the people of united America .",15,14,4.33333333333 6.0 4.0 3.33333333333 5.0 6.66666666667 3.66666666667 2.0 nan 3.33333333333 2.66666666667 2.0 3.0 2.0 4.0 3.0 3.0 2.0 3.0 2.66666666667 3.66666666667 4.0 2.0 nan 3.0 3.66666666667 4.0 3.0 3.33333333333 2.0 2.66666666667 2.33333333333 3.66666666667 4.0 2.66666666667 4.0 3.0 2.66666666667 1.0 2.0 nan
40,0.975609756098,America,AH0 M EH1 R AH0 K AH0,yes,7.0,4.0,1.0,NNP,compound,2.0,2.0,2.0,2.0,0.833333333333,0.857142857143,0.857142857143,0.85,3,"When the occasion proper for it shall arrive , I shall endeavor to express the high sense I entertain of this distinguished honor , and of the confidence which has been reposed in me by the people of united America .",15,14,4.33333333333 6.0 4.0 3.33333333333 5.0 6.66666666667 3.66666666667 2.0 nan 3.33333333333 2.66666666667 2.0 3.0 2.0 4.0 3.0 3.0 2.0 3.0 2.66666666667 3.66666666667 4.0 2.0 nan 3.0 3.66666666667 4.0 3.0 3.33333333333 2.0 2.66666666667 2.33333333333 3.66666666667 4.0 2.66666666667 4.0 3.0 2.66666666667 1.0 2.0 nan
41,1.0,.,,???,,,,.,,,,,,,,,,3,"When the occasion proper for it shall arrive , I shall endeavor to express the high sense I entertain of this distinguished honor , and of the confidence which has been reposed in me by the people of united America .",15,14,4.33333333333 6.0 4.0 3.33333333333 5.0 6.66666666667 3.66666666667 2.0 nan 3.33333333333 2.66666666667 2.0 3.0 2.0 4.0 3.0 3.0 2.0 3.0 2.66666666667 3.66666666667 4.0 2.0 nan 3.0 3.66666666667 4.0 3.0 3.33333333333 2.0 2.66666666667 2.33333333333 3.66666666667 4.0 2.66666666667 4.0 3.0 2.66666666667 1.0 2.0 nan
1,0.0526315789474,Previous,P R IY1 V IY0 AH0 S,yes,7.0,3.0,1.0,JJ,nsubj,3.0,3.0,3.0,3.0,0.6,0.6,0.6,0.6,4,Previous to the execution of any official act of the President the Constitution requires an oath of office .,3,3,3.0 4.0 5.0 3.0 3.66666666667 5.0 4.0 3.0 3.66666666667 4.0 3.0 4.0 2.0 2.0 4.0 2.0 2.66666666667 1.0 nan
2,0.105263157895,to,T UW1,no,2.0,1.0,1.0,TO,case,4.0,4.0,4.0,4.0,0.4,0.4,0.4,0.4,4,Previous to the execution of any official act of the President the Constitution requires an oath of office .,3,3,3.0 4.0 5.0 3.0 3.66666666667 5.0 4.0 3.0 3.66666666667 4.0 3.0 4.0 2.0 2.0 4.0 2.0 2.66666666667 1.0 nan
3,0.157894736842,the,DH AH0,no,2.0,1.0,0.0,DT,det,5.0,5.0,5.0,5.0,0.2,0.2,0.2,0.2,4,Previous to the execution of any official act of the President the Constitution requires an oath of office .,3,3,3.0 4.0 5.0 3.0 3.66666666667 5.0 4.0 3.0 3.66666666667 4.0 3.0 4.0 2.0 2.0 4.0 2.0 2.66666666667 1.0 nan
4,0.210526315789,execution,EH2 K S AH0 K Y UW1 SH AH0 N,yes,10.0,4.0,2.0,NN,nmod:to,3.0,3.0,3.0,3.0,0.6,0.6,0.6,0.6,4,Previous to the execution of any official act of the President the Constitution requires an oath of office .,3,3,3.0 4.0 5.0 3.0 3.66666666667 5.0 4.0 3.0 3.66666666667 4.0 3.0 4.0 2.0 2.0 4.0 2.0 2.66666666667 1.0 nan
5,0.263157894737,of,AH1 V,ambig,2.0,1.0,1.0,IN,case,3.0,4.0,4.0,3.66666666667,0.6,0.4,0.4,0.466666666667,4,Previous to the execution of any official act of the President the Constitution requires an oath of office .,3,3,3.0 4.0 5.0 3.0 3.66666666667 5.0 4.0 3.0 3.66666666667 4.0 3.0 4.0 2.0 2.0 4.0 2.0 2.66666666667 1.0 nan
6,0.315789473684,any,EH1 N IY0,no,3.0,2.0,1.0,DT,det,5.0,5.0,5.0,5.0,0.2,0.2,0.2,0.2,4,Previous to the execution of any official act of the President the Constitution requires an oath of office .,3,3,3.0 4.0 5.0 3.0 3.66666666667 5.0 4.0 3.0 3.66666666667 4.0 3.0 4.0 2.0 2.0 4.0 2.0 2.66666666667 1.0 nan
7,0.368421052632,official,AH0 F IH1 SH AH0 L,yes,6.0,3.0,1.0,JJ,amod,4.0,4.0,4.0,4.0,0.4,0.4,0.4,0.4,4,Previous to the execution of any official act of the President the Constitution requires an oath of office .,3,3,3.0 4.0 5.0 3.0 3.66666666667 5.0 4.0 3.0 3.66666666667 4.0 3.0 4.0 2.0 2.0 4.0 2.0 2.66666666667 1.0 nan
8,0.421052631579,act,AE1 K T,yes,3.0,1.0,1.0,NN,nmod:of,3.0,3.0,3.0,3.0,0.6,0.6,0.6,0.6,4,Previous to the execution of any official act of the President the Constitution requires an oath of office .,3,3,3.0 4.0 5.0 3.0 3.66666666667 5.0 4.0 3.0 3.66666666667 4.0 3.0 4.0 2.0 2.0 4.0 2.0 2.66666666667 1.0 nan
9,0.473684210526,of,AH1 V,ambig,2.0,1.0,1.0,IN,case,3.0,4.0,4.0,3.66666666667,0.6,0.4,0.4,0.466666666667,4,Previous to the execution of any official act of the President the Constitution requires an oath of office .,3,3,3.0 4.0 5.0 3.0 3.66666666667 5.0 4.0 3.0 3.66666666667 4.0 3.0 4.0 2.0 2.0 4.0 2.0 2.66666666667 1.0 nan
10,0.526315789474,the,DH AH0,no,2.0,1.0,0.0,DT,det,4.0,4.0,4.0,4.0,0.4,0.4,0.4,0.4,4,Previous to the execution of any official act of the President the Constitution requires an oath of office .,3,3,3.0 4.0 5.0 3.0 3.66666666667 5.0 4.0 3.0 3.66666666667 4.0 3.0 4.0 2.0 2.0 4.0 2.0 2.66666666667 1.0 nan
11,0.578947368421,President,P R EH1 Z AH0 D EH2 N T,yes,9.0,3.0,2.0,NNP,compound,3.0,3.0,3.0,3.0,0.6,0.6,0.6,0.6,4,Previous to the execution of any official act of the President the Constitution requires an oath of office .,3,3,3.0 4.0 5.0 3.0 3.66666666667 5.0 4.0 3.0 3.66666666667 4.0 3.0 4.0 2.0 2.0 4.0 2.0 2.66666666667 1.0 nan
12,0.631578947368,the,DH AH0,no,2.0,1.0,0.0,DT,det,4.0,4.0,4.0,4.0,0.4,0.4,0.4,0.4,4,Previous to the execution of any official act of the President the Constitution requires an oath of office .,3,3,3.0 4.0 5.0 3.0 3.66666666667 5.0 4.0 3.0 3.66666666667 4.0 3.0 4.0 2.0 2.0 4.0 2.0 2.66666666667 1.0 nan
13,0.684210526316,Constitution,K AA2 N S T AH0 T UW1 SH AH0 N,yes,11.0,4.0,2.0,NNP,nmod:of,2.0,2.0,2.0,2.0,0.8,0.8,0.8,0.8,4,Previous to the execution of any official act of the President the Constitution requires an oath of office .,3,3,3.0 4.0 5.0 3.0 3.66666666667 5.0 4.0 3.0 3.66666666667 4.0 3.0 4.0 2.0 2.0 4.0 2.0 2.66666666667 1.0 nan
14,0.736842105263,requires,R IY0 K W AY1 ER0 Z,yes,7.0,3.0,1.0,VBZ,root,2.0,2.0,2.0,2.0,0.8,0.8,0.8,0.8,4,Previous to the execution of any official act of the President the Constitution requires an oath of office .,3,3,3.0 4.0 5.0 3.0 3.66666666667 5.0 4.0 3.0 3.66666666667 4.0 3.0 4.0 2.0 2.0 4.0 2.0 2.66666666667 1.0 nan
15,0.789473684211,an,AE1 N,no,2.0,1.0,1.0,DT,det,4.0,4.0,4.0,4.0,0.4,0.4,0.4,0.4,4,Previous to the execution of any official act of the President the Constitution requires an oath of office .,3,3,3.0 4.0 5.0 3.0 3.66666666667 5.0 4.0 3.0 3.66666666667 4.0 3.0 4.0 2.0 2.0 4.0 2.0 2.66666666667 1.0 nan
16,0.842105263158,oath,OW1 TH,yes,2.0,1.0,1.0,NN,dobj,2.0,2.0,2.0,2.0,0.8,0.8,0.8,0.8,4,Previous to the execution of any official act of the President the Constitution requires an oath of office .,3,3,3.0 4.0 5.0 3.0 3.66666666667 5.0 4.0 3.0 3.66666666667 4.0 3.0 4.0 2.0 2.0 4.0 2.0 2.66666666667 1.0 nan
17,0.894736842105,of,AH1 V,ambig,2.0,1.0,1.0,IN,case,2.0,3.0,3.0,2.66666666667,0.8,0.6,0.6,0.666666666667,4,Previous to the execution of any official act of the President the Constitution requires an oath of office .,3,3,3.0 4.0 5.0 3.0 3.66666666667 5.0 4.0 3.0 3.66666666667 4.0 3.0 4.0 2.0 2.0 4.0 2.0 2.66666666667 1.0 nan
18,0.947368421053,office,AO1 F AH0 S,yes,4.0,2.0,1.0,NN,nmod:of,1.0,1.0,1.0,1.0,1.0,1.0,1.0,1.0,4,Previous to the execution of any official act of the President the Constitution requires an oath of office .,3,3,3.0 4.0 5.0 3.0 3.66666666667 5.0 4.0 3.0 3.66666666667 4.0 3.0 4.0 2.0 2.0 4.0 2.0 2.66666666667 1.0 nan
19,1.0,.,,???,,,,.,,,,,,,,,,4,Previous to the execution of any official act of the President the Constitution requires an oath of office .,3,3,3.0 4.0 5.0 3.0 3.66666666667 5.0 4.0 3.0 3.66666666667 4.0 3.0 4.0 2.0 2.0 4.0 2.0 2.66666666667 1.0 nan
1,0.0714285714286,This,DH IH1 S,ambig,3.0,1.0,1.0,DT,det,4.0,5.0,5.0,4.66666666667,0.25,0.2,0.2,0.214285714286,5,"This oath I am now about to take , and in your presence :",5,4,4.66666666667 3.0 4.33333333333 3.66666666667 3.0 3.33333333333 4.0 2.0 nan 3.0 2.66666666667 3.0 1.0 nan
2,0.142857142857,oath,OW1 TH,yes,2.0,1.0,1.0,NN,root,3.0,3.0,3.0,3.0,0.5,0.6,0.6,0.571428571429,5,"This oath I am now about to take , and in your presence :",5,4,4.66666666667 3.0 4.33333333333 3.66666666667 3.0 3.33333333333 4.0 2.0 nan 3.0 2.66666666667 3.0 1.0 nan
3,0.214285714286,I,AY1,ambig,1.0,1.0,1.0,PRP,nsubj,3.0,5.0,5.0,4.33333333333,0.5,0.2,0.2,0.285714285714,5,"This oath I am now about to take , and in your presence :",5,4,4.66666666667 3.0 4.33333333333 3.66666666667 3.0 3.33333333333 4.0 2.0 nan 3.0 2.66666666667 3.0 1.0 nan
4,0.285714285714,am,AE1 M,ambig,2.0,1.0,1.0,VBP,aux,3.0,4.0,4.0,3.66666666667,0.5,0.4,0.4,0.428571428571,5,"This oath I am now about to take , and in your presence :",5,4,4.66666666667 3.0 4.33333333333 3.66666666667 3.0 3.33333333333 4.0 2.0 nan 3.0 2.66666666667 3.0 1.0 nan
5,0.357142857143,now,N AW1,yes,2.0,1.0,1.0,RB,advmod,3.0,3.0,3.0,3.0,0.5,0.6,0.6,0.571428571429,5,"This oath I am now about to take , and in your presence :",5,4,4.66666666667 3.0 4.33333333333 3.66666666667 3.0 3.33333333333 4.0 2.0 nan 3.0 2.66666666667 3.0 1.0 nan
6,0.428571428571,about,AH0 B AW1 T,ambig,4.0,2.0,1.0,IN,acl:relcl,3.0,3.0,4.0,3.33333333333,0.5,0.6,0.4,0.5,5,"This oath I am now about to take , and in your presence :",5,4,4.66666666667 3.0 4.33333333333 3.66666666667 3.0 3.33333333333 4.0 2.0 nan 3.0 2.66666666667 3.0 1.0 nan
7,0.5,to,T UW1,no,2.0,1.0,1.0,TO,mark,4.0,4.0,4.0,4.0,0.25,0.4,0.4,0.357142857143,5,"This oath I am now about to take , and in your presence :",5,4,4.66666666667 3.0 4.33333333333 3.66666666667 3.0 3.33333333333 4.0 2.0 nan 3.0 2.66666666667 3.0 1.0 nan
8,0.571428571429,take,T EY1 K,yes,3.0,1.0,1.0,VB,xcomp,2.0,2.0,2.0,2.0,0.75,0.8,0.8,0.785714285714,5,"This oath I am now about to take , and in your presence :",5,4,4.66666666667 3.0 4.33333333333 3.66666666667 3.0 3.33333333333 4.0 2.0 nan 3.0 2.66666666667 3.0 1.0 nan
9,0.642857142857,",",,???,,,,",",,,,,,,,,,5,"This oath I am now about to take , and in your presence :",5,4,4.66666666667 3.0 4.33333333333 3.66666666667 3.0 3.33333333333 4.0 2.0 nan 3.0 2.66666666667 3.0 1.0 nan
10,0.714285714286,and,AE1 N D,no,3.0,1.0,1.0,CC,cc,3.0,3.0,3.0,3.0,0.5,0.6,0.6,0.571428571429,5,"This oath I am now about to take , and in your presence :",5,4,4.66666666667 3.0 4.33333333333 3.66666666667 3.0 3.33333333333 4.0 2.0 nan 3.0 2.66666666667 3.0 1.0 nan
11,0.785714285714,in,IH0 N,ambig,2.0,1.0,0.0,IN,case,2.0,3.0,3.0,2.66666666667,0.75,0.6,0.6,0.642857142857,5,"This oath I am now about to take , and in your presence :",5,4,4.66666666667 3.0 4.33333333333 3.66666666667 3.0 3.33333333333 4.0 2.0 nan 3.0 2.66666666667 3.0 1.0 nan
12,0.857142857143,your,Y AO1 R,no,3.0,1.0,1.0,PRP$,nmod:poss,3.0,3.0,3.0,3.0,0.5,0.6,0.6,0.571428571429,5,"This oath I am now about to take , and in your presence :",5,4,4.66666666667 3.0 4.33333333333 3.66666666667 3.0 3.33333333333 4.0 2.0 nan 3.0 2.66666666667 3.0 1.0 nan
13,0.928571428571,presence,P R EH1 Z AH0 N S,yes,7.0,2.0,1.0,NN,conj:and,1.0,1.0,1.0,1.0,1.0,1.0,1.0,1.0,5,"This oath I am now about to take , and in your presence :",5,4,4.66666666667 3.0 4.33333333333 3.66666666667 3.0 3.33333333333 4.0 2.0 nan 3.0 2.66666666667 3.0 1.0 nan
14,1.0,:,,???,,,,:,,,,,,,,,,5,"This oath I am now about to take , and in your presence :",5,4,4.66666666667 3.0 4.33333333333 3.66666666667 3.0 3.33333333333 4.0 2.0 nan 3.0 2.66666666667 3.0 1.0 nan
1,0.02,That,DH AE1 T,ambig,3.0,1.0,1.0,IN,mark,3.0,4.0,4.0,3.66666666667,0.666666666667,0.5,0.5,0.555555555556,6,"That if it shall be found during my administration of the Government I have in any instance violated willingly or knowingly the injunctions thereof , I may -LRB- besides incurring constitutional punishment -RRB- be subject to the upbraidings of all who are now witnesses of the present solemn ceremony .",17,15,3.66666666667 4.66666666667 6.0 4.66666666667 4.66666666667 4.0 4.33333333333 6.0 4.0 4.66666666667 5.0 3.0 4.33333333333 3.66666666667 4.66666666667 5.0 3.0 3.0 4.0 5.0 3.0 5.0 3.0 2.0 nan 3.33333333333 2.66666666667 3.0 4.33333333333 4.0 4.0 3.0 2.0 2.66666666667 2.0 3.0 4.0 2.0 2.66666666667 4.0 3.33333333333 2.66666666667 2.0 2.0 2.66666666667 3.0 2.0 1.0 2.0 nan
2,0.04,if,IH1 F,ambig,2.0,1.0,1.0,IN,mark,4.0,5.0,5.0,4.66666666667,0.5,0.333333333333,0.333333333333,0.388888888889,6,"That if it shall be found during my administration of the Government I have in any instance violated willingly or knowingly the injunctions thereof , I may -LRB- besides incurring constitutional punishment -RRB- be subject to the upbraidings of all who are now witnesses of the present solemn ceremony .",17,15,3.66666666667 4.66666666667 6.0 4.66666666667 4.66666666667 4.0 4.33333333333 6.0 4.0 4.66666666667 5.0 3.0 4.33333333333 3.66666666667 4.66666666667 5.0 3.0 3.0 4.0 5.0 3.0 5.0 3.0 2.0 nan 3.33333333333 2.66666666667 3.0 4.33333333333 4.0 4.0 3.0 2.0 2.66666666667 2.0 3.0 4.0 2.0 2.66666666667 4.0 3.33333333333 2.66666666667 2.0 2.0 2.66666666667 3.0 2.0 1.0 2.0 nan
3,0.06,it,IH1 T,no,2.0,1.0,1.0,PRP,nsubjpass,6.0,6.0,6.0,6.0,0.166666666667,0.166666666667,0.166666666667,0.166666666667,6,"That if it shall be found during my administration of the Government I have in any instance violated willingly or knowingly the injunctions thereof , I may -LRB- besides incurring constitutional punishment -RRB- be subject to the upbraidings of all who are now witnesses of the present solemn ceremony .",17,15,3.66666666667 4.66666666667 6.0 4.66666666667 4.66666666667 4.0 4.33333333333 6.0 4.0 4.66666666667 5.0 3.0 4.33333333333 3.66666666667 4.66666666667 5.0 3.0 3.0 4.0 5.0 3.0 5.0 3.0 2.0 nan 3.33333333333 2.66666666667 3.0 4.33333333333 4.0 4.0 3.0 2.0 2.66666666667 2.0 3.0 4.0 2.0 2.66666666667 4.0 3.33333333333 2.66666666667 2.0 2.0 2.66666666667 3.0 2.0 1.0 2.0 nan
4,0.08,shall,SH AE1 L,ambig,3.0,1.0,1.0,MD,aux,4.0,5.0,5.0,4.66666666667,0.5,0.333333333333,0.333333333333,0.388888888889,6,"That if it shall be found during my administration of the Government I have in any instance violated willingly or knowingly the injunctions thereof , I may -LRB- besides incurring constitutional punishment -RRB- be subject to the upbraidings of all who are now witnesses of the present solemn ceremony .",17,15,3.66666666667 4.66666666667 6.0 4.66666666667 4.66666666667 4.0 4.33333333333 6.0 4.0 4.66666666667 5.0 3.0 4.33333333333 3.66666666667 4.66666666667 5.0 3.0 3.0 4.0 5.0 3.0 5.0 3.0 2.0 nan 3.33333333333 2.66666666667 3.0 4.33333333333 4.0 4.0 3.0 2.0 2.66666666667 2.0 3.0 4.0 2.0 2.66666666667 4.0 3.33333333333 2.66666666667 2.0 2.0 2.66666666667 3.0 2.0 1.0 2.0 nan
5,0.1,be,B IY1,ambig,2.0,1.0,1.0,VB,auxpass,4.0,5.0,5.0,4.66666666667,0.5,0.333333333333,0.333333333333,0.388888888889,6,"That if it shall be found during my administration of the Government I have in any instance violated willingly or knowingly the injunctions thereof , I may -LRB- besides incurring constitutional punishment -RRB- be subject to the upbraidings of all who are now witnesses of the present solemn ceremony .",17,15,3.66666666667 4.66666666667 6.0 4.66666666667 4.66666666667 4.0 4.33333333333 6.0 4.0 4.66666666667 5.0 3.0 4.33333333333 3.66666666667 4.66666666667 5.0 3.0 3.0 4.0 5.0 3.0 5.0 3.0 2.0 nan 3.33333333333 2.66666666667 3.0 4.33333333333 4.0 4.0 3.0 2.0 2.66666666667 2.0 3.0 4.0 2.0 2.66666666667 4.0 3.33333333333 2.66666666667 2.0 2.0 2.66666666667 3.0 2.0 1.0 2.0 nan
6,0.12,found,F AW1 N D,yes,4.0,1.0,1.0,VBN,advcl,4.0,4.0,4.0,4.0,0.5,0.5,0.5,0.5,6,"That if it shall be found during my administration of the Government I have in any instance violated willingly or knowingly the injunctions thereof , I may -LRB- besides incurring constitutional punishment -RRB- be subject to the upbraidings of all who are now witnesses of the present solemn ceremony .",17,15,3.66666666667 4.66666666667 6.0 4.66666666667 4.66666666667 4.0 4.33333333333 6.0 4.0 4.66666666667 5.0 3.0 4.33333333333 3.66666666667 4.66666666667 5.0 3.0 3.0 4.0 5.0 3.0 5.0 3.0 2.0 nan 3.33333333333 2.66666666667 3.0 4.33333333333 4.0 4.0 3.0 2.0 2.66666666667 2.0 3.0 4.0 2.0 2.66666666667 4.0 3.33333333333 2.66666666667 2.0 2.0 2.66666666667 3.0 2.0 1.0 2.0 nan
7,0.14,during,D UH1 R IH0 NG,ambig,5.0,2.0,1.0,IN,case,4.0,4.0,5.0,4.33333333333,0.5,0.5,0.333333333333,0.444444444444,6,"That if it shall be found during my administration of the Government I have in any instance violated willingly or knowingly the injunctions thereof , I may -LRB- besides incurring constitutional punishment -RRB- be subject to the upbraidings of all who are now witnesses of the present solemn ceremony .",17,15,3.66666666667 4.66666666667 6.0 4.66666666667 4.66666666667 4.0 4.33333333333 6.0 4.0 4.66666666667 5.0 3.0 4.33333333333 3.66666666667 4.66666666667 5.0 3.0 3.0 4.0 5.0 3.0 5.0 3.0 2.0 nan 3.33333333333 2.66666666667 3.0 4.33333333333 4.0 4.0 3.0 2.0 2.66666666667 2.0 3.0 4.0 2.0 2.66666666667 4.0 3.33333333333 2.66666666667 2.0 2.0 2.66666666667 3.0 2.0 1.0 2.0 nan
8,0.16,my,M AY1,no,2.0,1.0,1.0,PRP$,nmod:poss,6.0,6.0,6.0,6.0,0.166666666667,0.166666666667,0.166666666667,0.166666666667,6,"That if it shall be found during my administration of the Government I have in any instance violated willingly or knowingly the injunctions thereof , I may -LRB- besides incurring constitutional punishment -RRB- be subject to the upbraidings of all who are now witnesses of the present solemn ceremony .",17,15,3.66666666667 4.66666666667 6.0 4.66666666667 4.66666666667 4.0 4.33333333333 6.0 4.0 4.66666666667 5.0 3.0 4.33333333333 3.66666666667 4.66666666667 5.0 3.0 3.0 4.0 5.0 3.0 5.0 3.0 2.0 nan 3.33333333333 2.66666666667 3.0 4.33333333333 4.0 4.0 3.0 2.0 2.66666666667 2.0 3.0 4.0 2.0 2.66666666667 4.0 3.33333333333 2.66666666667 2.0 2.0 2.66666666667 3.0 2.0 1.0 2.0 nan
9,0.18,administration,AE0 D M IH2 N IH0 S T R EY1 SH AH0 N,yes,13.0,5.0,2.0,NN,nmod:during,4.0,4.0,4.0,4.0,0.5,0.5,0.5,0.5,6,"That if it shall be found during my administration of the Government I have in any instance violated willingly or knowingly the injunctions thereof , I may -LRB- besides incurring constitutional punishment -RRB- be subject to the upbraidings of all who are now witnesses of the present solemn ceremony .",17,15,3.66666666667 4.66666666667 6.0 4.66666666667 4.66666666667 4.0 4.33333333333 6.0 4.0 4.66666666667 5.0 3.0 4.33333333333 3.66666666667 4.66666666667 5.0 3.0 3.0 4.0 5.0 3.0 5.0 3.0 2.0 nan 3.33333333333 2.66666666667 3.0 4.33333333333 4.0 4.0 3.0 2.0 2.66666666667 2.0 3.0 4.0 2.0 2.66666666667 4.0 3.33333333333 2.66666666667 2.0 2.0 2.66666666667 3.0 2.0 1.0 2.0 nan
10,0.2,of,AH1 V,ambig,2.0,1.0,1.0,IN,case,4.0,5.0,5.0,4.66666666667,0.5,0.333333333333,0.333333333333,0.388888888889,6,"That if it shall be found during my administration of the Government I have in any instance violated willingly or knowingly the injunctions thereof , I may -LRB- besides incurring constitutional punishment -RRB- be subject to the upbraidings of all who are now witnesses of the present solemn ceremony .",17,15,3.66666666667 4.66666666667 6.0 4.66666666667 4.66666666667 4.0 4.33333333333 6.0 4.0 4.66666666667 5.0 3.0 4.33333333333 3.66666666667 4.66666666667 5.0 3.0 3.0 4.0 5.0 3.0 5.0 3.0 2.0 nan 3.33333333333 2.66666666667 3.0 4.33333333333 4.0 4.0 3.0 2.0 2.66666666667 2.0 3.0 4.0 2.0 2.66666666667 4.0 3.33333333333 2.66666666667 2.0 2.0 2.66666666667 3.0 2.0 1.0 2.0 nan
11,0.22,the,DH AH0,no,2.0,1.0,0.0,DT,det,5.0,5.0,5.0,5.0,0.333333333333,0.333333333333,0.333333333333,0.333333333333,6,"That if it shall be found during my administration of the Government I have in any instance violated willingly or knowingly the injunctions thereof , I may -LRB- besides incurring constitutional punishment -RRB- be subject to the upbraidings of all who are now witnesses of the present solemn ceremony .",17,15,3.66666666667 4.66666666667 6.0 4.66666666667 4.66666666667 4.0 4.33333333333 6.0 4.0 4.66666666667 5.0 3.0 4.33333333333 3.66666666667 4.66666666667 5.0 3.0 3.0 4.0 5.0 3.0 5.0 3.0 2.0 nan 3.33333333333 2.66666666667 3.0 4.33333333333 4.0 4.0 3.0 2.0 2.66666666667 2.0 3.0 4.0 2.0 2.66666666667 4.0 3.33333333333 2.66666666667 2.0 2.0 2.66666666667 3.0 2.0 1.0 2.0 nan
12,0.24,Government,G AH1 V ER0 M AH0 N T,yes,8.0,3.0,1.0,NN,nmod:of,3.0,3.0,3.0,3.0,0.666666666667,0.666666666667,0.666666666667,0.666666666667,6,"That if it shall be found during my administration of the Government I have in any instance violated willingly or knowingly the injunctions thereof , I may -LRB- besides incurring constitutional punishment -RRB- be subject to the upbraidings of all who are now witnesses of the present solemn ceremony .",17,15,3.66666666667 4.66666666667 6.0 4.66666666667 4.66666666667 4.0 4.33333333333 6.0 4.0 4.66666666667 5.0 3.0 4.33333333333 3.66666666667 4.66666666667 5.0 3.0 3.0 4.0 5.0 3.0 5.0 3.0 2.0 nan 3.33333333333 2.66666666667 3.0 4.33333333333 4.0 4.0 3.0 2.0 2.66666666667 2.0 3.0 4.0 2.0 2.66666666667 4.0 3.33333333333 2.66666666667 2.0 2.0 2.66666666667 3.0 2.0 1.0 2.0 nan
13,0.26,I,AY1,ambig,1.0,1.0,1.0,PRP,nsubj,3.0,5.0,5.0,4.33333333333,0.666666666667,0.333333333333,0.333333333333,0.444444444444,6,"That if it shall be found during my administration of the Government I have in any instance violated willingly or knowingly the injunctions thereof , I may -LRB- besides incurring constitutional punishment -RRB- be subject to the upbraidings of all who are now witnesses of the present solemn ceremony .",17,15,3.66666666667 4.66666666667 6.0 4.66666666667 4.66666666667 4.0 4.33333333333 6.0 4.0 4.66666666667 5.0 3.0 4.33333333333 3.66666666667 4.66666666667 5.0 3.0 3.0 4.0 5.0 3.0 5.0 3.0 2.0 nan 3.33333333333 2.66666666667 3.0 4.33333333333 4.0 4.0 3.0 2.0 2.66666666667 2.0 3.0 4.0 2.0 2.66666666667 4.0 3.33333333333 2.66666666667 2.0 2.0 2.66666666667 3.0 2.0 1.0 2.0 nan
14,0.28,have,HH AE1 V,ambig,3.0,1.0,1.0,VBP,aux,3.0,4.0,4.0,3.66666666667,0.666666666667,0.5,0.5,0.555555555556,6,"That if it shall be found during my administration of the Government I have in any instance violated willingly or knowingly the injunctions thereof , I may -LRB- besides incurring constitutional punishment -RRB- be subject to the upbraidings of all who are now witnesses of the present solemn ceremony .",17,15,3.66666666667 4.66666666667 6.0 4.66666666667 4.66666666667 4.0 4.33333333333 6.0 4.0 4.66666666667 5.0 3.0 4.33333333333 3.66666666667 4.66666666667 5.0 3.0 3.0 4.0 5.0 3.0 5.0 3.0 2.0 nan 3.33333333333 2.66666666667 3.0 4.33333333333 4.0 4.0 3.0 2.0 2.66666666667 2.0 3.0 4.0 2.0 2.66666666667 4.0 3.33333333333 2.66666666667 2.0 2.0 2.66666666667 3.0 2.0 1.0 2.0 nan
15,0.3,in,IH0 N,ambig,2.0,1.0,0.0,IN,case,4.0,5.0,5.0,4.66666666667,0.5,0.333333333333,0.333333333333,0.388888888889,6,"That if it shall be found during my administration of the Government I have in any instance violated willingly or knowingly the injunctions thereof , I may -LRB- besides incurring constitutional punishment -RRB- be subject to the upbraidings of all who are now witnesses of the present solemn ceremony .",17,15,3.66666666667 4.66666666667 6.0 4.66666666667 4.66666666667 4.0 4.33333333333 6.0 4.0 4.66666666667 5.0 3.0 4.33333333333 3.66666666667 4.66666666667 5.0 3.0 3.0 4.0 5.0 3.0 5.0 3.0 2.0 nan 3.33333333333 2.66666666667 3.0 4.33333333333 4.0 4.0 3.0 2.0 2.66666666667 2.0 3.0 4.0 2.0 2.66666666667 4.0 3.33333333333 2.66666666667 2.0 2.0 2.66666666667 3.0 2.0 1.0 2.0 nan
16,0.32,any,EH1 N IY0,no,3.0,2.0,1.0,DT,det,5.0,5.0,5.0,5.0,0.333333333333,0.333333333333,0.333333333333,0.333333333333,6,"That if it shall be found during my administration of the Government I have in any instance violated willingly or knowingly the injunctions thereof , I may -LRB- besides incurring constitutional punishment -RRB- be subject to the upbraidings of all who are now witnesses of the present solemn ceremony .",17,15,3.66666666667 4.66666666667 6.0 4.66666666667 4.66666666667 4.0 4.33333333333 6.0 4.0 4.66666666667 5.0 3.0 4.33333333333 3.66666666667 4.66666666667 5.0 3.0 3.0 4.0 5.0 3.0 5.0 3.0 2.0 nan 3.33333333333 2.66666666667 3.0 4.33333333333 4.0 4.0 3.0 2.0 2.66666666667 2.0 3.0 4.0 2.0 2.66666666667 4.0 3.33333333333 2.66666666667 2.0 2.0 2.66666666667 3.0 2.0 1.0 2.0 nan
17,0.34,instance,IH1 N S T AH0 N S,yes,7.0,2.0,1.0,NN,nmod:in,3.0,3.0,3.0,3.0,0.666666666667,0.666666666667,0.666666666667,0.666666666667,6,"That if it shall be found during my administration of the Government I have in any instance violated willingly or knowingly the injunctions thereof , I may -LRB- besides incurring constitutional punishment -RRB- be subject to the upbraidings of all who are now witnesses of the present solemn ceremony .",17,15,3.66666666667 4.66666666667 6.0 4.66666666667 4.66666666667 4.0 4.33333333333 6.0 4.0 4.66666666667 5.0 3.0 4.33333333333 3.66666666667 4.66666666667 5.0 3.0 3.0 4.0 5.0 3.0 5.0 3.0 2.0 nan 3.33333333333 2.66666666667 3.0 4.33333333333 4.0 4.0 3.0 2.0 2.66666666667 2.0 3.0 4.0 2.0 2.66666666667 4.0 3.33333333333 2.66666666667 2.0 2.0 2.66666666667 3.0 2.0 1.0 2.0 nan
18,0.36,violated,V AY1 AH0 L EY0 T IH0 D,yes,8.0,4.0,1.0,VBN,advcl,3.0,3.0,3.0,3.0,0.666666666667,0.666666666667,0.666666666667,0.666666666667,6,"That if it shall be found during my administration of the Government I have in any instance violated willingly or knowingly the injunctions thereof , I may -LRB- besides incurring constitutional punishment -RRB- be subject to the upbraidings of all who are now witnesses of the present solemn ceremony .",17,15,3.66666666667 4.66666666667 6.0 4.66666666667 4.66666666667 4.0 4.33333333333 6.0 4.0 4.66666666667 5.0 3.0 4.33333333333 3.66666666667 4.66666666667 5.0 3.0 3.0 4.0 5.0 3.0 5.0 3.0 2.0 nan 3.33333333333 2.66666666667 3.0 4.33333333333 4.0 4.0 3.0 2.0 2.66666666667 2.0 3.0 4.0 2.0 2.66666666667 4.0 3.33333333333 2.66666666667 2.0 2.0 2.66666666667 3.0 2.0 1.0 2.0 nan
19,0.38,willingly,W IH1 L IH0 NG L IY0,yes,7.0,3.0,1.0,NN,iobj,4.0,4.0,4.0,4.0,0.5,0.5,0.5,0.5,6,"That if it shall be found during my administration of the Government I have in any instance violated willingly or knowingly the injunctions thereof , I may -LRB- besides incurring constitutional punishment -RRB- be subject to the upbraidings of all who are now witnesses of the present solemn ceremony .",17,15,3.66666666667 4.66666666667 6.0 4.66666666667 4.66666666667 4.0 4.33333333333 6.0 4.0 4.66666666667 5.0 3.0 4.33333333333 3.66666666667 4.66666666667 5.0 3.0 3.0 4.0 5.0 3.0 5.0 3.0 2.0 nan 3.33333333333 2.66666666667 3.0 4.33333333333 4.0 4.0 3.0 2.0 2.66666666667 2.0 3.0 4.0 2.0 2.66666666667 4.0 3.33333333333 2.66666666667 2.0 2.0 2.66666666667 3.0 2.0 1.0 2.0 nan
20,0.4,or,AO1 R,no,2.0,1.0,1.0,CC,cc,5.0,5.0,5.0,5.0,0.333333333333,0.333333333333,0.333333333333,0.333333333333,6,"That if it shall be found during my administration of the Government I have in any instance violated willingly or knowingly the injunctions thereof , I may -LRB- besides incurring constitutional punishment -RRB- be subject to the upbraidings of all who are now witnesses of the present solemn ceremony .",17,15,3.66666666667 4.66666666667 6.0 4.66666666667 4.66666666667 4.0 4.33333333333 6.0 4.0 4.66666666667 5.0 3.0 4.33333333333 3.66666666667 4.66666666667 5.0 3.0 3.0 4.0 5.0 3.0 5.0 3.0 2.0 nan 3.33333333333 2.66666666667 3.0 4.33333333333 4.0 4.0 3.0 2.0 2.66666666667 2.0 3.0 4.0 2.0 2.66666666667 4.0 3.33333333333 2.66666666667 2.0 2.0 2.66666666667 3.0 2.0 1.0 2.0 nan
21,0.42,knowingly,N OW1 IH0 NG L IY0,yes,6.0,3.0,1.0,NN,iobj,3.0,3.0,3.0,3.0,0.666666666667,0.666666666667,0.666666666667,0.666666666667,6,"That if it shall be found during my administration of the Government I have in any instance violated willingly or knowingly the injunctions thereof , I may -LRB- besides incurring constitutional punishment -RRB- be subject to the upbraidings of all who are now witnesses of the present solemn ceremony .",17,15,3.66666666667 4.66666666667 6.0 4.66666666667 4.66666666667 4.0 4.33333333333 6.0 4.0 4.66666666667 5.0 3.0 4.33333333333 3.66666666667 4.66666666667 5.0 3.0 3.0 4.0 5.0 3.0 5.0 3.0 2.0 nan 3.33333333333 2.66666666667 3.0 4.33333333333 4.0 4.0 3.0 2.0 2.66666666667 2.0 3.0 4.0 2.0 2.66666666667 4.0 3.33333333333 2.66666666667 2.0 2.0 2.66666666667 3.0 2.0 1.0 2.0 nan
22,0.44,the,DH AH0,no,2.0,1.0,0.0,DT,det,5.0,5.0,5.0,5.0,0.333333333333,0.333333333333,0.333333333333,0.333333333333,6,"That if it shall be found during my administration of the Government I have in any instance violated willingly or knowingly the injunctions thereof , I may -LRB- besides incurring constitutional punishment -RRB- be subject to the upbraidings of all who are now witnesses of the present solemn ceremony .",17,15,3.66666666667 4.66666666667 6.0 4.66666666667 4.66666666667 4.0 4.33333333333 6.0 4.0 4.66666666667 5.0 3.0 4.33333333333 3.66666666667 4.66666666667 5.0 3.0 3.0 4.0 5.0 3.0 5.0 3.0 2.0 nan 3.33333333333 2.66666666667 3.0 4.33333333333 4.0 4.0 3.0 2.0 2.66666666667 2.0 3.0 4.0 2.0 2.66666666667 4.0 3.33333333333 2.66666666667 2.0 2.0 2.66666666667 3.0 2.0 1.0 2.0 nan
23,0.46,injunctions,IH0 N JH AH1 NG K SH AH0 N Z,yes,10.0,3.0,1.0,NNS,dobj,3.0,3.0,3.0,3.0,0.666666666667,0.666666666667,0.666666666667,0.666666666667,6,"That if it shall be found during my administration of the Government I have in any instance violated willingly or knowingly the injunctions thereof , I may -LRB- besides incurring constitutional punishment -RRB- be subject to the upbraidings of all who are now witnesses of the present solemn ceremony .",17,15,3.66666666667 4.66666666667 6.0 4.66666666667 4.66666666667 4.0 4.33333333333 6.0 4.0 4.66666666667 5.0 3.0 4.33333333333 3.66666666667 4.66666666667 5.0 3.0 3.0 4.0 5.0 3.0 5.0 3.0 2.0 nan 3.33333333333 2.66666666667 3.0 4.33333333333 4.0 4.0 3.0 2.0 2.66666666667 2.0 3.0 4.0 2.0 2.66666666667 4.0 3.33333333333 2.66666666667 2.0 2.0 2.66666666667 3.0 2.0 1.0 2.0 nan
24,0.48,thereof,TH EH2 R AH1 V,yes,5.0,2.0,2.0,RB,advmod,2.0,2.0,2.0,2.0,0.833333333333,0.833333333333,0.833333333333,0.833333333333,6,"That if it shall be found during my administration of the Government I have in any instance violated willingly or knowingly the injunctions thereof , I may -LRB- besides incurring constitutional punishment -RRB- be subject to the upbraidings of all who are now witnesses of the present solemn ceremony .",17,15,3.66666666667 4.66666666667 6.0 4.66666666667 4.66666666667 4.0 4.33333333333 6.0 4.0 4.66666666667 5.0 3.0 4.33333333333 3.66666666667 4.66666666667 5.0 3.0 3.0 4.0 5.0 3.0 5.0 3.0 2.0 nan 3.33333333333 2.66666666667 3.0 4.33333333333 4.0 4.0 3.0 2.0 2.66666666667 2.0 3.0 4.0 2.0 2.66666666667 4.0 3.33333333333 2.66666666667 2.0 2.0 2.66666666667 3.0 2.0 1.0 2.0 nan
25,0.5,",",,???,,,,",",,,,,,,,,,6,"That if it shall be found during my administration of the Government I have in any instance violated willingly or knowingly the injunctions thereof , I may -LRB- besides incurring constitutional punishment -RRB- be subject to the upbraidings of all who are now witnesses of the present solemn ceremony .",17,15,3.66666666667 4.66666666667 6.0 4.66666666667 4.66666666667 4.0 4.33333333333 6.0 4.0 4.66666666667 5.0 3.0 4.33333333333 3.66666666667 4.66666666667 5.0 3.0 3.0 4.0 5.0 3.0 5.0 3.0 2.0 nan 3.33333333333 2.66666666667 3.0 4.33333333333 4.0 4.0 3.0 2.0 2.66666666667 2.0 3.0 4.0 2.0 2.66666666667 4.0 3.33333333333 2.66666666667 2.0 2.0 2.66666666667 3.0 2.0 1.0 2.0 nan
26,0.52,I,AY1,ambig,1.0,1.0,1.0,PRP,nsubj,2.0,4.0,4.0,3.33333333333,0.833333333333,0.5,0.5,0.611111111111,6,"That if it shall be found during my administration of the Government I have in any instance violated willingly or knowingly the injunctions thereof , I may -LRB- besides incurring constitutional punishment -RRB- be subject to the upbraidings of all who are now witnesses of the present solemn ceremony .",17,15,3.66666666667 4.66666666667 6.0 4.66666666667 4.66666666667 4.0 4.33333333333 6.0 4.0 4.66666666667 5.0 3.0 4.33333333333 3.66666666667 4.66666666667 5.0 3.0 3.0 4.0 5.0 3.0 5.0 3.0 2.0 nan 3.33333333333 2.66666666667 3.0 4.33333333333 4.0 4.0 3.0 2.0 2.66666666667 2.0 3.0 4.0 2.0 2.66666666667 4.0 3.33333333333 2.66666666667 2.0 2.0 2.66666666667 3.0 2.0 1.0 2.0 nan
27,0.54,may,M EY1,ambig,2.0,1.0,1.0,MD,aux,2.0,3.0,3.0,2.66666666667,0.833333333333,0.666666666667,0.666666666667,0.722222222222,6,"That if it shall be found during my administration of the Government I have in any instance violated willingly or knowingly the injunctions thereof , I may -LRB- besides incurring constitutional punishment -RRB- be subject to the upbraidings of all who are now witnesses of the present solemn ceremony .",17,15,3.66666666667 4.66666666667 6.0 4.66666666667 4.66666666667 4.0 4.33333333333 6.0 4.0 4.66666666667 5.0 3.0 4.33333333333 3.66666666667 4.66666666667 5.0 3.0 3.0 4.0 5.0 3.0 5.0 3.0 2.0 nan 3.33333333333 2.66666666667 3.0 4.33333333333 4.0 4.0 3.0 2.0 2.66666666667 2.0 3.0 4.0 2.0 2.66666666667 4.0 3.33333333333 2.66666666667 2.0 2.0 2.66666666667 3.0 2.0 1.0 2.0 nan
28,0.56,-LRB-,,yes,,,,-LRB-,,3.0,3.0,3.0,3.0,0.666666666667,0.666666666667,0.666666666667,0.666666666667,6,"That if it shall be found during my administration of the Government I have in any instance violated willingly or knowingly the injunctions thereof , I may -LRB- besides incurring constitutional punishment -RRB- be subject to the upbraidings of all who are now witnesses of the present solemn ceremony .",17,15,3.66666666667 4.66666666667 6.0 4.66666666667 4.66666666667 4.0 4.33333333333 6.0 4.0 4.66666666667 5.0 3.0 4.33333333333 3.66666666667 4.66666666667 5.0 3.0 3.0 4.0 5.0 3.0 5.0 3.0 2.0 nan 3.33333333333 2.66666666667 3.0 4.33333333333 4.0 4.0 3.0 2.0 2.66666666667 2.0 3.0 4.0 2.0 2.66666666667 4.0 3.33333333333 2.66666666667 2.0 2.0 2.66666666667 3.0 2.0 1.0 2.0 nan
29,0.58,besides,B IH0 S AY1 D Z,ambig,6.0,2.0,1.0,IN,mark,4.0,4.0,5.0,4.33333333333,0.5,0.5,0.333333333333,0.444444444444,6,"That if it shall be found during my administration of the Government I have in any instance violated willingly or knowingly the injunctions thereof , I may -LRB- besides incurring constitutional punishment -RRB- be subject to the upbraidings of all who are now witnesses of the present solemn ceremony .",17,15,3.66666666667 4.66666666667 6.0 4.66666666667 4.66666666667 4.0 4.33333333333 6.0 4.0 4.66666666667 5.0 3.0 4.33333333333 3.66666666667 4.66666666667 5.0 3.0 3.0 4.0 5.0 3.0 5.0 3.0 2.0 nan 3.33333333333 2.66666666667 3.0 4.33333333333 4.0 4.0 3.0 2.0 2.66666666667 2.0 3.0 4.0 2.0 2.66666666667 4.0 3.33333333333 2.66666666667 2.0 2.0 2.66666666667 3.0 2.0 1.0 2.0 nan
30,0.6,incurring,IH0 N K ER1 IH0 NG,yes,6.0,3.0,1.0,VBG,dep,4.0,4.0,4.0,4.0,0.5,0.5,0.5,0.5,6,"That if it shall be found during my administration of the Government I have in any instance violated willingly or knowingly the injunctions thereof , I may -LRB- besides incurring constitutional punishment -RRB- be subject to the upbraidings of all who are now witnesses of the present solemn ceremony .",17,15,3.66666666667 4.66666666667 6.0 4.66666666667 4.66666666667 4.0 4.33333333333 6.0 4.0 4.66666666667 5.0 3.0 4.33333333333 3.66666666667 4.66666666667 5.0 3.0 3.0 4.0 5.0 3.0 5.0 3.0 2.0 nan 3.33333333333 2.66666666667 3.0 4.33333333333 4.0 4.0 3.0 2.0 2.66666666667 2.0 3.0 4.0 2.0 2.66666666667 4.0 3.33333333333 2.66666666667 2.0 2.0 2.66666666667 3.0 2.0 1.0 2.0 nan
31,0.62,constitutional,K AA2 N S T AH0 T UW1 SH AH0 N AH0 L,yes,13.0,5.0,2.0,JJ,amod,4.0,4.0,4.0,4.0,0.5,0.5,0.5,0.5,6,"That if it shall be found during my administration of the Government I have in any instance violated willingly or knowingly the injunctions thereof , I may -LRB- besides incurring constitutional punishment -RRB- be subject to the upbraidings of all who are now witnesses of the present solemn ceremony .",17,15,3.66666666667 4.66666666667 6.0 4.66666666667 4.66666666667 4.0 4.33333333333 6.0 4.0 4.66666666667 5.0 3.0 4.33333333333 3.66666666667 4.66666666667 5.0 3.0 3.0 4.0 5.0 3.0 5.0 3.0 2.0 nan 3.33333333333 2.66666666667 3.0 4.33333333333 4.0 4.0 3.0 2.0 2.66666666667 2.0 3.0 4.0 2.0 2.66666666667 4.0 3.33333333333 2.66666666667 2.0 2.0 2.66666666667 3.0 2.0 1.0 2.0 nan
32,0.64,punishment,P AH1 N IH0 SH M AH0 N T,yes,9.0,3.0,1.0,NN,dobj,3.0,3.0,3.0,3.0,0.666666666667,0.666666666667,0.666666666667,0.666666666667,6,"That if it shall be found during my administration of the Government I have in any instance violated willingly or knowingly the injunctions thereof , I may -LRB- besides incurring constitutional punishment -RRB- be subject to the upbraidings of all who are now witnesses of the present solemn ceremony .",17,15,3.66666666667 4.66666666667 6.0 4.66666666667 4.66666666667 4.0 4.33333333333 6.0 4.0 4.66666666667 5.0 3.0 4.33333333333 3.66666666667 4.66666666667 5.0 3.0 3.0 4.0 5.0 3.0 5.0 3.0 2.0 nan 3.33333333333 2.66666666667 3.0 4.33333333333 4.0 4.0 3.0 2.0 2.66666666667 2.0 3.0 4.0 2.0 2.66666666667 4.0 3.33333333333 2.66666666667 2.0 2.0 2.66666666667 3.0 2.0 1.0 2.0 nan
33,0.66,-RRB-,,yes,,,,-RRB-,,2.0,2.0,2.0,2.0,0.833333333333,0.833333333333,0.833333333333,0.833333333333,6,"That if it shall be found during my administration of the Government I have in any instance violated willingly or knowingly the injunctions thereof , I may -LRB- besides incurring constitutional punishment -RRB- be subject to the upbraidings of all who are now witnesses of the present solemn ceremony .",17,15,3.66666666667 4.66666666667 6.0 4.66666666667 4.66666666667 4.0 4.33333333333 6.0 4.0 4.66666666667 5.0 3.0 4.33333333333 3.66666666667 4.66666666667 5.0 3.0 3.0 4.0 5.0 3.0 5.0 3.0 2.0 nan 3.33333333333 2.66666666667 3.0 4.33333333333 4.0 4.0 3.0 2.0 2.66666666667 2.0 3.0 4.0 2.0 2.66666666667 4.0 3.33333333333 2.66666666667 2.0 2.0 2.66666666667 3.0 2.0 1.0 2.0 nan
34,0.68,be,B IY1,ambig,2.0,1.0,1.0,VB,cop,2.0,3.0,3.0,2.66666666667,0.833333333333,0.666666666667,0.666666666667,0.722222222222,6,"That if it shall be found during my administration of the Government I have in any instance violated willingly or knowingly the injunctions thereof , I may -LRB- besides incurring constitutional punishment -RRB- be subject to the upbraidings of all who are now witnesses of the present solemn ceremony .",17,15,3.66666666667 4.66666666667 6.0 4.66666666667 4.66666666667 4.0 4.33333333333 6.0 4.0 4.66666666667 5.0 3.0 4.33333333333 3.66666666667 4.66666666667 5.0 3.0 3.0 4.0 5.0 3.0 5.0 3.0 2.0 nan 3.33333333333 2.66666666667 3.0 4.33333333333 4.0 4.0 3.0 2.0 2.66666666667 2.0 3.0 4.0 2.0 2.66666666667 4.0 3.33333333333 2.66666666667 2.0 2.0 2.66666666667 3.0 2.0 1.0 2.0 nan
35,0.7,subject,S AH0 B JH EH1 K T,yes,7.0,2.0,1.0,JJ,root,2.0,2.0,2.0,2.0,0.833333333333,0.833333333333,0.833333333333,0.833333333333,6,"That if it shall be found during my administration of the Government I have in any instance violated willingly or knowingly the injunctions thereof , I may -LRB- besides incurring constitutional punishment -RRB- be subject to the upbraidings of all who are now witnesses of the present solemn ceremony .",17,15,3.66666666667 4.66666666667 6.0 4.66666666667 4.66666666667 4.0 4.33333333333 6.0 4.0 4.66666666667 5.0 3.0 4.33333333333 3.66666666667 4.66666666667 5.0 3.0 3.0 4.0 5.0 3.0 5.0 3.0 2.0 nan 3.33333333333 2.66666666667 3.0 4.33333333333 4.0 4.0 3.0 2.0 2.66666666667 2.0 3.0 4.0 2.0 2.66666666667 4.0 3.33333333333 2.66666666667 2.0 2.0 2.66666666667 3.0 2.0 1.0 2.0 nan
36,0.72,to,T UW1,no,2.0,1.0,1.0,TO,case,3.0,3.0,3.0,3.0,0.666666666667,0.666666666667,0.666666666667,0.666666666667,6,"That if it shall be found during my administration of the Government I have in any instance violated willingly or knowingly the injunctions thereof , I may -LRB- besides incurring constitutional punishment -RRB- be subject to the upbraidings of all who are now witnesses of the present solemn ceremony .",17,15,3.66666666667 4.66666666667 6.0 4.66666666667 4.66666666667 4.0 4.33333333333 6.0 4.0 4.66666666667 5.0 3.0 4.33333333333 3.66666666667 4.66666666667 5.0 3.0 3.0 4.0 5.0 3.0 5.0 3.0 2.0 nan 3.33333333333 2.66666666667 3.0 4.33333333333 4.0 4.0 3.0 2.0 2.66666666667 2.0 3.0 4.0 2.0 2.66666666667 4.0 3.33333333333 2.66666666667 2.0 2.0 2.66666666667 3.0 2.0 1.0 2.0 nan
37,0.74,the,DH AH0,no,2.0,1.0,0.0,DT,det,4.0,4.0,4.0,4.0,0.5,0.5,0.5,0.5,6,"That if it shall be found during my administration of the Government I have in any instance violated willingly or knowingly the injunctions thereof , I may -LRB- besides incurring constitutional punishment -RRB- be subject to the upbraidings of all who are now witnesses of the present solemn ceremony .",17,15,3.66666666667 4.66666666667 6.0 4.66666666667 4.66666666667 4.0 4.33333333333 6.0 4.0 4.66666666667 5.0 3.0 4.33333333333 3.66666666667 4.66666666667 5.0 3.0 3.0 4.0 5.0 3.0 5.0 3.0 2.0 nan 3.33333333333 2.66666666667 3.0 4.33333333333 4.0 4.0 3.0 2.0 2.66666666667 2.0 3.0 4.0 2.0 2.66666666667 4.0 3.33333333333 2.66666666667 2.0 2.0 2.66666666667 3.0 2.0 1.0 2.0 nan
38,0.76,upbraidings,,yes,,,,NNS,nmod:to,2.0,2.0,2.0,2.0,0.833333333333,0.833333333333,0.833333333333,0.833333333333,6,"That if it shall be found during my administration of the Government I have in any instance violated willingly or knowingly the injunctions thereof , I may -LRB- besides incurring constitutional punishment -RRB- be subject to the upbraidings of all who are now witnesses of the present solemn ceremony .",17,15,3.66666666667 4.66666666667 6.0 4.66666666667 4.66666666667 4.0 4.33333333333 6.0 4.0 4.66666666667 5.0 3.0 4.33333333333 3.66666666667 4.66666666667 5.0 3.0 3.0 4.0 5.0 3.0 5.0 3.0 2.0 nan 3.33333333333 2.66666666667 3.0 4.33333333333 4.0 4.0 3.0 2.0 2.66666666667 2.0 3.0 4.0 2.0 2.66666666667 4.0 3.33333333333 2.66666666667 2.0 2.0 2.66666666667 3.0 2.0 1.0 2.0 nan
39,0.78,of,AH1 V,ambig,2.0,1.0,1.0,IN,case,2.0,3.0,3.0,2.66666666667,0.833333333333,0.666666666667,0.666666666667,0.722222222222,6,"That if it shall be found during my administration of the Government I have in any instance violated willingly or knowingly the injunctions thereof , I may -LRB- besides incurring constitutional punishment -RRB- be subject to the upbraidings of all who are now witnesses of the present solemn ceremony .",17,15,3.66666666667 4.66666666667 6.0 4.66666666667 4.66666666667 4.0 4.33333333333 6.0 4.0 4.66666666667 5.0 3.0 4.33333333333 3.66666666667 4.66666666667 5.0 3.0 3.0 4.0 5.0 3.0 5.0 3.0 2.0 nan 3.33333333333 2.66666666667 3.0 4.33333333333 4.0 4.0 3.0 2.0 2.66666666667 2.0 3.0 4.0 2.0 2.66666666667 4.0 3.33333333333 2.66666666667 2.0 2.0 2.66666666667 3.0 2.0 1.0 2.0 nan
40,0.8,all,AO1 L,no,2.0,1.0,1.0,DT,nmod:of,4.0,4.0,4.0,4.0,0.5,0.5,0.5,0.5,6,"That if it shall be found during my administration of the Government I have in any instance violated willingly or knowingly the injunctions thereof , I may -LRB- besides incurring constitutional punishment -RRB- be subject to the upbraidings of all who are now witnesses of the present solemn ceremony .",17,15,3.66666666667 4.66666666667 6.0 4.66666666667 4.66666666667 4.0 4.33333333333 6.0 4.0 4.66666666667 5.0 3.0 4.33333333333 3.66666666667 4.66666666667 5.0 3.0 3.0 4.0 5.0 3.0 5.0 3.0 2.0 nan 3.33333333333 2.66666666667 3.0 4.33333333333 4.0 4.0 3.0 2.0 2.66666666667 2.0 3.0 4.0 2.0 2.66666666667 4.0 3.33333333333 2.66666666667 2.0 2.0 2.66666666667 3.0 2.0 1.0 2.0 nan
41,0.82,who,HH UW1,ambig,2.0,1.0,1.0,WP,ref,2.0,4.0,4.0,3.33333333333,0.833333333333,0.5,0.5,0.611111111111,6,"That if it shall be found during my administration of the Government I have in any instance violated willingly or knowingly the injunctions thereof , I may -LRB- besides incurring constitutional punishment -RRB- be subject to the upbraidings of all who are now witnesses of the present solemn ceremony .",17,15,3.66666666667 4.66666666667 6.0 4.66666666667 4.66666666667 4.0 4.33333333333 6.0 4.0 4.66666666667 5.0 3.0 4.33333333333 3.66666666667 4.66666666667 5.0 3.0 3.0 4.0 5.0 3.0 5.0 3.0 2.0 nan 3.33333333333 2.66666666667 3.0 4.33333333333 4.0 4.0 3.0 2.0 2.66666666667 2.0 3.0 4.0 2.0 2.66666666667 4.0 3.33333333333 2.66666666667 2.0 2.0 2.66666666667 3.0 2.0 1.0 2.0 nan
42,0.84,are,AA1 R,ambig,2.0,1.0,1.0,VBP,cop,2.0,3.0,3.0,2.66666666667,0.833333333333,0.666666666667,0.666666666667,0.722222222222,6,"That if it shall be found during my administration of the Government I have in any instance violated willingly or knowingly the injunctions thereof , I may -LRB- besides incurring constitutional punishment -RRB- be subject to the upbraidings of all who are now witnesses of the present solemn ceremony .",17,15,3.66666666667 4.66666666667 6.0 4.66666666667 4.66666666667 4.0 4.33333333333 6.0 4.0 4.66666666667 5.0 3.0 4.33333333333 3.66666666667 4.66666666667 5.0 3.0 3.0 4.0 5.0 3.0 5.0 3.0 2.0 nan 3.33333333333 2.66666666667 3.0 4.33333333333 4.0 4.0 3.0 2.0 2.66666666667 2.0 3.0 4.0 2.0 2.66666666667 4.0 3.33333333333 2.66666666667 2.0 2.0 2.66666666667 3.0 2.0 1.0 2.0 nan
43,0.86,now,N AW1,yes,2.0,1.0,1.0,RB,advmod,2.0,2.0,2.0,2.0,0.833333333333,0.833333333333,0.833333333333,0.833333333333,6,"That if it shall be found during my administration of the Government I have in any instance violated willingly or knowingly the injunctions thereof , I may -LRB- besides incurring constitutional punishment -RRB- be subject to the upbraidings of all who are now witnesses of the present solemn ceremony .",17,15,3.66666666667 4.66666666667 6.0 4.66666666667 4.66666666667 4.0 4.33333333333 6.0 4.0 4.66666666667 5.0 3.0 4.33333333333 3.66666666667 4.66666666667 5.0 3.0 3.0 4.0 5.0 3.0 5.0 3.0 2.0 nan 3.33333333333 2.66666666667 3.0 4.33333333333 4.0 4.0 3.0 2.0 2.66666666667 2.0 3.0 4.0 2.0 2.66666666667 4.0 3.33333333333 2.66666666667 2.0 2.0 2.66666666667 3.0 2.0 1.0 2.0 nan
44,0.88,witnesses,W IH1 T N AH0 S AH0 Z,yes,8.0,3.0,1.0,NNS,acl:relcl,2.0,2.0,2.0,2.0,0.833333333333,0.833333333333,0.833333333333,0.833333333333,6,"That if it shall be found during my administration of the Government I have in any instance violated willingly or knowingly the injunctions thereof , I may -LRB- besides incurring constitutional punishment -RRB- be subject to the upbraidings of all who are now witnesses of the present solemn ceremony .",17,15,3.66666666667 4.66666666667 6.0 4.66666666667 4.66666666667 4.0 4.33333333333 6.0 4.0 4.66666666667 5.0 3.0 4.33333333333 3.66666666667 4.66666666667 5.0 3.0 3.0 4.0 5.0 3.0 5.0 3.0 2.0 nan 3.33333333333 2.66666666667 3.0 4.33333333333 4.0 4.0 3.0 2.0 2.66666666667 2.0 3.0 4.0 2.0 2.66666666667 4.0 3.33333333333 2.66666666667 2.0 2.0 2.66666666667 3.0 2.0 1.0 2.0 nan
45,0.9,of,AH1 V,ambig,2.0,1.0,1.0,IN,case,2.0,3.0,3.0,2.66666666667,0.833333333333,0.666666666667,0.666666666667,0.722222222222,6,"That if it shall be found during my administration of the Government I have in any instance violated willingly or knowingly the injunctions thereof , I may -LRB- besides incurring constitutional punishment -RRB- be subject to the upbraidings of all who are now witnesses of the present solemn ceremony .",17,15,3.66666666667 4.66666666667 6.0 4.66666666667 4.66666666667 4.0 4.33333333333 6.0 4.0 4.66666666667 5.0 3.0 4.33333333333 3.66666666667 4.66666666667 5.0 3.0 3.0 4.0 5.0 3.0 5.0 3.0 2.0 nan 3.33333333333 2.66666666667 3.0 4.33333333333 4.0 4.0 3.0 2.0 2.66666666667 2.0 3.0 4.0 2.0 2.66666666667 4.0 3.33333333333 2.66666666667 2.0 2.0 2.66666666667 3.0 2.0 1.0 2.0 nan
46,0.92,the,DH AH0,no,2.0,1.0,0.0,DT,det,3.0,3.0,3.0,3.0,0.666666666667,0.666666666667,0.666666666667,0.666666666667,6,"That if it shall be found during my administration of the Government I have in any instance violated willingly or knowingly the injunctions thereof , I may -LRB- besides incurring constitutional punishment -RRB- be subject to the upbraidings of all who are now witnesses of the present solemn ceremony .",17,15,3.66666666667 4.66666666667 6.0 4.66666666667 4.66666666667 4.0 4.33333333333 6.0 4.0 4.66666666667 5.0 3.0 4.33333333333 3.66666666667 4.66666666667 5.0 3.0 3.0 4.0 5.0 3.0 5.0 3.0 2.0 nan 3.33333333333 2.66666666667 3.0 4.33333333333 4.0 4.0 3.0 2.0 2.66666666667 2.0 3.0 4.0 2.0 2.66666666667 4.0 3.33333333333 2.66666666667 2.0 2.0 2.66666666667 3.0 2.0 1.0 2.0 nan
47,0.94,present,P R EH1 Z AH0 N T,yes,7.0,2.0,1.0,JJ,amod,2.0,2.0,2.0,2.0,0.833333333333,0.833333333333,0.833333333333,0.833333333333,6,"That if it shall be found during my administration of the Government I have in any instance violated willingly or knowingly the injunctions thereof , I may -LRB- besides incurring constitutional punishment -RRB- be subject to the upbraidings of all who are now witnesses of the present solemn ceremony .",17,15,3.66666666667 4.66666666667 6.0 4.66666666667 4.66666666667 4.0 4.33333333333 6.0 4.0 4.66666666667 5.0 3.0 4.33333333333 3.66666666667 4.66666666667 5.0 3.0 3.0 4.0 5.0 3.0 5.0 3.0 2.0 nan 3.33333333333 2.66666666667 3.0 4.33333333333 4.0 4.0 3.0 2.0 2.66666666667 2.0 3.0 4.0 2.0 2.66666666667 4.0 3.33333333333 2.66666666667 2.0 2.0 2.66666666667 3.0 2.0 1.0 2.0 nan
48,0.96,solemn,S AA1 L AH0 M,yes,5.0,2.0,1.0,NN,compound,1.0,1.0,1.0,1.0,1.0,1.0,1.0,1.0,6,"That if it shall be found during my administration of the Government I have in any instance violated willingly or knowingly the injunctions thereof , I may -LRB- besides incurring constitutional punishment -RRB- be subject to the upbraidings of all who are now witnesses of the present solemn ceremony .",17,15,3.66666666667 4.66666666667 6.0 4.66666666667 4.66666666667 4.0 4.33333333333 6.0 4.0 4.66666666667 5.0 3.0 4.33333333333 3.66666666667 4.66666666667 5.0 3.0 3.0 4.0 5.0 3.0 5.0 3.0 2.0 nan 3.33333333333 2.66666666667 3.0 4.33333333333 4.0 4.0 3.0 2.0 2.66666666667 2.0 3.0 4.0 2.0 2.66666666667 4.0 3.33333333333 2.66666666667 2.0 2.0 2.66666666667 3.0 2.0 1.0 2.0 nan
49,0.98,ceremony,S EH1 R AH0 M OW2 N IY0,yes,8.0,4.0,2.0,NN,nmod:of,2.0,2.0,2.0,2.0,0.833333333333,0.833333333333,0.833333333333,0.833333333333,6,"That if it shall be found during my administration of the Government I have in any instance violated willingly or knowingly the injunctions thereof , I may -LRB- besides incurring constitutional punishment -RRB- be subject to the upbraidings of all who are now witnesses of the present solemn ceremony .",17,15,3.66666666667 4.66666666667 6.0 4.66666666667 4.66666666667 4.0 4.33333333333 6.0 4.0 4.66666666667 5.0 3.0 4.33333333333 3.66666666667 4.66666666667 5.0 3.0 3.0 4.0 5.0 3.0 5.0 3.0 2.0 nan 3.33333333333 2.66666666667 3.0 4.33333333333 4.0 4.0 3.0 2.0 2.66666666667 2.0 3.0 4.0 2.0 2.66666666667 4.0 3.33333333333 2.66666666667 2.0 2.0 2.66666666667 3.0 2.0 1.0 2.0 nan
50,1.0,.,,???,,,,.,,,,,,,,,,6,"That if it shall be found during my administration of the Government I have in any instance violated willingly or knowingly the injunctions thereof , I may -LRB- besides incurring constitutional punishment -RRB- be subject to the upbraidings of all who are now witnesses of the present solemn ceremony .",17,15,3.66666666667 4.66666666667 6.0 4.66666666667 4.66666666667 4.0 4.33333333333 6.0 4.0 4.66666666667 5.0 3.0 4.33333333333 3.66666666667 4.66666666667 5.0 3.0 3.0 4.0 5.0 3.0 5.0 3.0 2.0 nan 3.33333333333 2.66666666667 3.0 4.33333333333 4.0 4.0 3.0 2.0 2.66666666667 2.0 3.0 4.0 2.0 2.66666666667 4.0 3.33333333333 2.66666666667 2.0 2.0 2.66666666667 3.0 2.0 1.0 2.0 nan
